日期,收入/支出,類別,備註,合計
2015-07-20,支出,午餐,,-95.0
2015-07-21,支出,type107,拍線,-280.0
2015-07-21,支出,午餐,,-90.0
2015-07-22,支出,日常用品,玻璃貼,-590.0
2015-07-22,支出,午餐,,-85.0
2015-07-27,支出,午餐,,-95.0
2015-07-28,支出,午餐,,-85.0
2015-07-30,支出,晚餐,,-329.0
2015-07-30,支出,午餐,,-110.0
2015-08-16,支出,type107,mlb tv,-653.0
2015-09-08,支出,type107,mlb 升級,-166.0
2015-09-13,支出,日常用品,usb延長線,-359.0
2015-09-13,支出,晚餐,,-109.0
2015-09-13,支出,日常用品,3m無痕,-99.0
2015-09-14,支出,晚餐,,-105.0
2015-09-14,支出,午餐,,-60.0
2015-09-14,支出,日常用品,藍筆,-32.0
2015-09-14,支出,type119,成績單,-10.0
2015-09-15,支出,晚餐,,-120.0
2015-09-15,支出,午餐,,-98.0
2015-09-16,支出,晚餐,,-100.0
2015-09-16,支出,午餐,,-90.0
2015-09-17,支出,晚餐,,-111.0
2015-09-17,支出,午餐,,-70.0
2015-09-18,支出,日常用品,網路啟動碼,-800.0
2015-09-18,支出,晚餐,,-85.0
2015-09-19,支出,早餐,,-54.0
2015-09-19,支出,午餐,,-41.0
2015-09-20,支出,日常用品,枕頭,-599.0
2015-09-20,支出,晚餐,,-109.0
2015-09-21,支出,晚餐,,-150.0
2015-09-21,支出,午餐,,-57.0
2015-09-22,支出,午餐,,-110.0
2015-09-22,支出,晚餐,,-104.0
2015-09-23,支出,晚餐,,-95.0
2015-09-23,支出,午餐,,-60.0
2015-09-24,支出,晚餐,,-75.0
2015-09-24,支出,午餐,,-74.0
2015-09-25,支出,晚餐,,-90.0
2015-09-25,支出,午餐,,-60.0
2015-09-26,支出,晚餐,,-110.0
2015-09-26,支出,午餐,,-60.0
2015-09-28,支出,晚餐,,-20.0
2015-09-29,支出,type107,鍵盤,-690.0
2015-09-29,支出,晚餐,,-246.0
2015-09-29,支出,午餐,,-80.0
2015-09-30,支出,午餐,,-105.0
2015-09-30,支出,晚餐,,-102.0
2015-09-30,支出,飲料,,-35.0
2015-10-01,支出,晚餐,,-90.0
2015-10-01,支出,午餐,,-85.0
2015-10-02,支出,type119,列印成績單,-120.0
2015-10-02,支出,晚餐,,-100.0
2015-10-02,支出,零食,,-100.0
2015-10-02,支出,午餐,,-45.0
2015-10-03,支出,晚餐,,-95.0
2015-10-03,支出,午餐,,-65.0
2015-10-03,支出,交通,停車費,-20.0
2015-10-04,支出,午餐,,-111.0
2015-10-04,支出,晚餐,,-59.0
2015-10-05,支出,晚餐,,-150.0
2015-10-05,支出,午餐,,-95.0
2015-10-06,支出,type119,冷氣卡,-500.0
2015-10-06,支出,晚餐,,-90.0
2015-10-06,支出,午餐,,-60.0
2015-10-07,支出,type109,,-145.0
2015-10-07,支出,晚餐,,-100.0
2015-10-07,支出,午餐,,-85.0
2015-10-07,支出,type119,掃描,-80.0
2015-10-08,支出,晚餐,,-102.0
2015-10-08,支出,午餐,,-85.0
2015-10-09,支出,晚餐,,-75.0
2015-10-09,支出,午餐,,-57.0
2015-10-10,支出,午餐,,-52.0
2015-10-11,支出,晚餐,,-72.0
2015-10-12,支出,晚餐,,-100.0
2015-10-12,支出,午餐,,-85.0
2015-10-13,支出,晚餐,,-110.0
2015-10-13,支出,午餐,,-50.0
2015-10-13,支出,type119,寄信,-42.0
2015-10-14,支出,type110,畢業照,-350.0
2015-10-14,支出,晚餐,,-97.0
2015-10-14,支出,午餐,,-95.0
2015-10-15,支出,晚餐,,-95.0
2015-10-15,支出,午餐,,-45.0
2015-10-16,支出,晚餐,,-90.0
2015-10-16,支出,午餐,,-50.0
2015-10-17,支出,type119,玻璃貼,-590.0
2015-10-17,支出,type119,系羽隊費,-200.0
2015-10-17,支出,午餐,,-95.0
2015-10-17,支出,飲料,,-28.0
2015-10-18,支出,晚餐,,-132.0
2015-10-19,支出,晚餐,,-150.0
2015-10-19,支出,午餐,,-45.0
2015-10-20,支出,午餐,,-110.0
2015-10-20,支出,晚餐,,-90.0
2015-10-21,支出,晚餐,,-124.0
2015-10-21,支出,零食,,-100.0
2015-10-22,支出,日常用品,牙膏,-89.0
2015-10-22,支出,晚餐,,-85.0
2015-10-22,支出,午餐,,-60.0
2015-10-22,支出,type119,影印,-10.0
2015-10-23,支出,晚餐,,-100.0
2015-10-23,支出,午餐,,-74.0
2015-10-24,支出,午餐,,-69.0
2015-10-25,支出,晚餐,,-113.0
2015-10-26,支出,晚餐,,-90.0
2015-10-26,支出,午餐,,-75.0
2015-10-27,支出,晚餐,,-140.0
2015-10-27,支出,午餐,,-119.0
2015-10-28,支出,晚餐,,-100.0
2015-10-28,支出,午餐,,-70.0
2015-10-29,支出,晚餐,,-123.0
2015-10-29,支出,午餐,,-60.0
2015-10-30,支出,晚餐,,-106.0
2015-10-30,支出,午餐,,-60.0
2015-10-30,支出,早餐,,-20.0
2015-10-31,支出,零食,,-139.0
2015-10-31,支出,午餐,,-120.0
2015-10-31,支出,晚餐,,-65.0
2015-11-01,支出,晚餐,,-117.0
2015-11-02,支出,type109,校運外套,-470.0
2015-11-02,支出,晚餐,,-120.0
2015-11-02,支出,午餐,,-90.0
2015-11-03,支出,晚餐,,-90.0
2015-11-03,支出,午餐,,-85.0
2015-11-04,支出,type119,影印投影片,-225.0
2015-11-04,支出,晚餐,,-110.0
2015-11-04,支出,午餐,,-85.0
2015-11-05,支出,晚餐,,-100.0
2015-11-05,支出,午餐,,-60.0
2015-11-06,支出,晚餐,,-175.0
2015-11-06,支出,午餐,,-75.0
2015-11-06,支出,零食,,-69.0
2015-11-07,支出,午餐,,-100.0
2015-11-08,支出,晚餐,,-91.0
2015-11-09,支出,日常用品,掃把,-119.0
2015-11-09,支出,晚餐,,-100.0
2015-11-09,支出,午餐,,-60.0
2015-11-10,支出,晚餐,,-90.0
2015-11-10,支出,午餐,,-74.0
2015-11-11,支出,晚餐,,-112.0
2015-11-11,支出,午餐,,-85.0
2015-11-11,支出,早餐,,-20.0
2015-11-11,支出,零食,,-20.0
2015-11-12,支出,晚餐,,-109.0
2015-11-12,支出,午餐,,-85.0
2015-11-12,支出,日常用品,垃圾袋,-50.0
2015-11-13,支出,午餐,,-105.0
2015-11-13,支出,晚餐,,-101.0
2015-11-14,支出,午餐,,-100.0
2015-11-14,支出,晚餐,,-100.0
2015-11-15,支出,type110,羽球穿線 握把布,-350.0
2015-11-15,支出,午餐,,-190.0
2015-11-15,支出,晚餐,,-58.0
2015-11-16,支出,日常用品,冷氣費,-160.0
2015-11-16,支出,午餐,,-95.0
2015-11-16,支出,晚餐,,-75.0
2015-11-16,支出,零食,,-40.0
2015-11-17,支出,午餐,,-72.0
2015-11-17,支出,零食,,-50.0
2015-11-17,支出,飲料,,-50.0
2015-11-17,支出,飲料,,-22.0
2015-11-17,支出,早餐,,-20.0
2015-11-18,支出,晚餐,,-86.0
2015-11-18,支出,午餐,,-85.0
2015-11-19,支出,type110,螢幕,-3588.0
2015-11-19,支出,type119,轉接頭,-149.0
2015-11-19,支出,晚餐,,-127.0
2015-11-19,支出,午餐,,-60.0
2015-11-20,支出,午餐,,-95.0
2015-11-20,支出,晚餐,,-90.0
2015-11-20,支出,日常用品,文具,-51.0
2015-11-21,支出,晚餐,,-504.0
2015-11-21,支出,午餐,,-99.0
2015-11-21,支出,早餐,,-40.0
2015-11-21,支出,交通,,-40.0
2015-11-21,支出,交通,,-40.0
2015-11-22,支出,午餐,,-111.0
2015-11-22,支出,晚餐,,-95.0
2015-11-23,支出,晚餐,,-170.0
2015-11-23,支出,午餐,,-50.0
2015-11-24,支出,晚餐,,-90.0
2015-11-24,支出,午餐,,-79.0
2015-11-24,支出,早餐,,-50.0
2015-11-25,支出,晚餐,,-75.0
2015-11-25,支出,午餐,,-70.0
2015-11-25,支出,零食,,-60.0
2015-11-26,支出,晚餐,,-105.0
2015-11-26,支出,午餐,,-85.0
2015-11-27,支出,晚餐,,-121.0
2015-11-27,支出,午餐,,-70.0
2015-11-27,支出,早餐,,-40.0
2015-11-28,支出,午餐,,-60.0
2015-11-29,支出,晚餐,,-110.0
2015-11-30,支出,晚餐,,-150.0
2015-11-30,支出,午餐,,-45.0
2015-12-01,支出,晚餐,,-90.0
2015-12-01,支出,午餐,,-80.0
2015-12-02,支出,晚餐,,-110.0
2015-12-02,支出,午餐,,-60.0
2015-12-02,支出,零食,,-50.0
2015-12-03,支出,晚餐,,-75.0
2015-12-03,支出,午餐,,-50.0
2015-12-04,支出,晚餐,,-80.0
2015-12-04,支出,午餐,,-75.0
2015-12-05,支出,晚餐,,-75.0
2015-12-05,支出,午餐,,-70.0
2015-12-06,支出,晚餐,,-106.0
2015-12-06,支出,午餐,,-61.0
2015-12-07,支出,晚餐,,-110.0
2015-12-07,支出,零食,,-99.0
2015-12-07,支出,午餐,,-65.0
2015-12-08,支出,日常用品,影印卡 儲值,-100.0
2015-12-08,支出,晚餐,,-90.0
2015-12-08,支出,零食,,-50.0
2015-12-09,支出,晚餐,,-95.0
2015-12-09,支出,午餐,,-85.0
2015-12-09,支出,日常用品,資料盒,-78.0
2015-12-10,支出,晚餐,,-121.0
2015-12-10,支出,零食,,-99.0
2015-12-10,支出,午餐,,-45.0
2015-12-11,支出,日常用品,沐浴乳,-89.0
2015-12-11,支出,晚餐,,-75.0
2015-12-11,支出,午餐,,-65.0
2015-12-12,支出,晚餐,,-95.0
2015-12-12,支出,午餐,,-40.0
2015-12-13,支出,晚餐,,-102.0
2015-12-13,支出,午餐,,-85.0
2015-12-13,支出,零食,,-17.0
2015-12-14,支出,晚餐,,-150.0
2015-12-14,支出,午餐,,-50.0
2015-12-15,支出,晚餐,,-75.0
2015-12-16,支出,晚餐,,-102.0
2015-12-16,支出,午餐,,-85.0
2015-12-16,支出,type119,影印,-7.0
2015-12-17,支出,晚餐,,-95.0
2015-12-17,支出,午餐,,-60.0
2015-12-17,支出,零食,,-39.0
2015-12-18,支出,晚餐,,-372.0
2015-12-18,支出,交通,,-75.0
2015-12-18,支出,午餐,,-50.0
2015-12-19,支出,午餐,,-48.0
2015-12-20,支出,晚餐,,-100.0
2015-12-21,支出,type119,悠遊卡儲值,-200.0
2015-12-21,支出,晚餐,,-102.0
2015-12-21,支出,午餐,,-45.0
2015-12-22,支出,晚餐,,-95.0
2015-12-22,支出,午餐,,-80.0
2015-12-23,支出,午餐,,-60.0
2015-12-23,支出,晚餐,,-60.0
2015-12-23,支出,宵夜,,-50.0
2015-12-24,支出,type107,steam,-150.0
2015-12-24,支出,晚餐,,-95.0
2015-12-24,支出,午餐,,-50.0
2015-12-24,支出,宵夜,,-50.0
2015-12-25,支出,晚餐,,-102.0
2015-12-25,支出,宵夜,,-50.0
2015-12-25,支出,午餐,,-45.0
2015-12-26,支出,晚餐,,-95.0
2015-12-26,支出,宵夜,,-83.0
2015-12-26,支出,午餐,,-40.0
2015-12-27,支出,晚餐,,-102.0
2015-12-27,支出,宵夜,,-50.0
2015-12-28,支出,晚餐,,-150.0
2015-12-28,支出,午餐,,-60.0
2015-12-29,支出,晚餐,,-95.0
2015-12-29,支出,午餐,,-50.0
2015-12-29,支出,早餐,,-20.0
2015-12-30,支出,午餐,,-102.0
2015-12-30,支出,晚餐,,-75.0
2015-12-31,支出,午餐,,-110.0
2015-12-31,支出,晚餐,,-95.0
2015-12-31,支出,宵夜,,-55.0
2015-12-31,支出,零食,,-34.0
2016-01-01,支出,午餐,,-65.0
2016-01-01,支出,晚餐,,-55.0
2016-01-03,支出,宵夜,,-100.0
2016-01-03,支出,午餐,,-35.0
2016-01-03,支出,晚餐,,-30.0
2016-01-04,支出,type111,大資盃,-633.0
2016-01-04,支出,晚餐,,-90.0
2016-01-04,支出,午餐,,-79.0
2016-01-04,支出,type119,隊費,-60.0
2016-01-04,支出,早餐,,-55.0
2016-01-05,支出,晚餐,,-102.0
2016-01-05,支出,午餐,,-60.0
2016-01-06,支出,晚餐,,-95.0
2016-01-06,支出,午餐,,-85.0
2016-01-07,支出,晚餐,,-90.0
2016-01-07,支出,零食,,-45.0
2016-01-07,支出,午餐,,-43.0
2016-01-07,支出,早餐,,-20.0
2016-01-08,支出,晚餐,,-75.0
2016-01-08,支出,午餐,,-50.0
2016-01-08,支出,早餐,,-20.0
2016-01-09,支出,晚餐,,-115.0
2016-01-10,支出,晚餐,,-99.0
2016-01-11,支出,晚餐,,-108.0
2016-01-11,支出,午餐,,-60.0
2016-01-12,支出,晚餐,,-108.0
2016-01-12,支出,午餐,,-50.0
2016-01-12,支出,早餐,,-40.0
2016-01-13,支出,晚餐,,-90.0
2016-01-13,支出,午餐,,-85.0
2016-01-13,支出,早餐,,-20.0
2016-01-14,支出,晚餐,,-109.0
2016-01-14,支出,午餐,,-60.0
2016-01-14,支出,早餐,,-40.0
2016-01-15,支出,午餐,,-102.0
2016-01-16,支出,晚餐,,-95.0
2016-01-17,支出,午餐,,-114.0
2016-01-17,支出,晚餐,,-72.0
2016-01-18,支出,type107,羽球證,-500.0
2016-01-18,支出,晚餐,,-150.0
2016-01-18,支出,午餐,,-95.0
2016-01-19,支出,晚餐,,-105.0
2016-01-19,支出,午餐,,-90.0
2016-01-24,支出,晚餐,,-330.0
2016-01-24,支出,日常用品,拖鞋,-20.0
2016-01-25,支出,午餐,,-102.0
2016-01-25,支出,晚餐,,-60.0
2016-01-25,支出,晚餐,,-36.0
2016-01-25,支出,飲料,,-35.0
2016-01-25,支出,晚餐,,-25.0
2016-01-25,支出,飲料,,-16.0
2016-01-25,支出,晚餐,,-10.0
2016-01-26,支出,午餐,,-549.0
2016-02-08,支出,type107,貝殼幣,-100.0
2016-02-16,支出,晚餐,,-120.0
2016-02-17,支出,晚餐,,-95.0
2016-02-17,支出,午餐,,-60.0
2016-02-18,支出,晚餐,,-95.0
2016-02-18,支出,午餐,,-45.0
2016-02-19,支出,晚餐,,-116.0
2016-02-19,支出,宵夜,,-50.0
2016-02-19,支出,午餐,,-16.0
2016-02-20,支出,晚餐,,-95.0
2016-02-20,支出,午餐,,-40.0
2016-02-20,支出,宵夜,,-35.0
2016-02-21,支出,午餐,,-102.0
2016-02-21,支出,晚餐,,-95.0
2016-02-22,支出,晚餐,,-100.0
2016-02-22,支出,午餐,,-45.0
2016-02-23,支出,門票,中央電競啟動碼,-300.0
2016-02-23,支出,晚餐,,-90.0
2016-02-23,支出,午餐,,-60.0
2016-02-24,支出,晚餐,,-110.0
2016-02-24,支出,午餐,,-80.0
2016-02-24,支出,宵夜,,-50.0
2016-02-25,支出,type119,影印儲值,-200.0
2016-02-25,支出,晚餐,,-117.0
2016-02-25,支出,午餐,,-45.0
2016-02-26,支出,日常用品,網路卡,-800.0
2016-02-26,支出,晚餐,,-100.0
2016-02-26,支出,午餐,,-85.0
2016-02-27,支出,type119,手機背貼,-159.0
2016-02-27,支出,午餐,,-110.0
2016-02-27,支出,宵夜,,-99.0
2016-02-27,支出,晚餐,,-95.0
2016-02-29,支出,晚餐,,-139.0
2016-02-29,支出,宵夜,,-16.0
2016-03-01,支出,晚餐,,-75.0
2016-03-01,支出,午餐,,-60.0
2016-03-01,支出,宵夜,,-50.0
2016-03-02,支出,晚餐,,-102.0
2016-03-02,支出,午餐,,-45.0
2016-03-02,支出,飲料,,-25.0
2016-03-03,支出,晚餐,,-95.0
2016-03-03,支出,午餐,,-60.0
2016-03-03,支出,type119,掛號信,-26.0
2016-03-03,支出,飲料,,-17.0
2016-03-04,支出,type119,腳踏車坐墊,-200.0
2016-03-04,支出,午餐,,-159.0
2016-03-04,支出,晚餐,,-102.0
2016-03-05,支出,午餐,,-95.0
2016-03-05,支出,晚餐,,-95.0
2016-03-06,支出,晚餐,,-121.0
2016-03-06,支出,午餐,,-63.0
2016-03-07,支出,晚餐,,-115.0
2016-03-07,支出,午餐,,-60.0
2016-03-08,支出,晚餐,,-102.0
2016-03-08,支出,午餐,,-60.0
2016-03-09,支出,晚餐,,-95.0
2016-03-09,支出,午餐,,-90.0
2016-03-10,支出,type107,楓之谷,-150.0
2016-03-10,支出,晚餐,,-102.0
2016-03-11,支出,type107,全境封鎖,-1490.0
2016-03-11,支出,午餐,,-85.0
2016-03-11,支出,晚餐,,-75.0
2016-03-12,支出,晚餐,,-95.0
2016-03-12,支出,午餐,,-50.0
2016-03-13,支出,晚餐,,-100.0
2016-03-13,支出,午餐,,-69.0
2016-03-14,支出,晚餐,,-109.0
2016-03-14,支出,午餐,,-60.0
2016-03-14,支出,type119,掃描成績單,-30.0
2016-03-15,支出,晚餐,,-102.0
2016-03-15,支出,午餐,,-75.0
2016-03-15,支出,type119,掃描成績單,-20.0
2016-03-16,支出,晚餐,,-90.0
2016-03-16,支出,午餐,,-85.0
2016-03-17,支出,晚餐,,-100.0
2016-03-17,支出,午餐,,-60.0
2016-03-18,支出,晚餐,,-174.0
2016-03-18,支出,午餐,,-75.0
2016-03-18,支出,早餐,,-20.0
2016-03-19,支出,晚餐,,-115.0
2016-03-21,支出,晚餐,,-104.0
2016-03-22,支出,晚餐,,-100.0
2016-03-22,支出,午餐,,-60.0
2016-03-23,支出,午餐,,-110.0
2016-03-23,支出,宵夜,,-99.0
2016-03-23,支出,晚餐,,-80.0
2016-03-24,支出,晚餐,,-100.0
2016-03-24,支出,午餐,,-60.0
2016-03-25,支出,晚餐,,-95.0
2016-03-25,支出,午餐,,-90.0
2016-03-26,支出,晚餐,,-115.0
2016-03-26,支出,午餐,,-80.0
2016-03-27,支出,type107,羽球 勝利金箭級,-340.0
2016-03-27,支出,type107,羽球拍線,-280.0
2016-03-27,支出,晚餐,,-110.0
2016-03-27,支出,午餐,,-39.0
2016-03-28,支出,晚餐,,-120.0
2016-03-28,支出,午餐,,-80.0
2016-03-29,支出,晚餐,,-97.0
2016-03-29,支出,宵夜,,-52.0
2016-03-29,支出,午餐,,-39.0
2016-03-30,支出,午餐,,-100.0
2016-03-30,支出,晚餐,,-100.0
2016-03-31,支出,午餐,,-60.0
2016-04-05,支出,晚餐,,-85.0
2016-04-06,支出,晚餐,,-100.0
2016-04-06,支出,午餐,,-85.0
2016-04-06,支出,日常用品,立可帶替換帶,-20.0
2016-04-07,支出,晚餐,,-90.0
2016-04-07,支出,午餐,,-60.0
2016-04-08,支出,晚餐,,-95.0
2016-04-08,支出,午餐,,-87.0
2016-04-09,支出,晚餐,,-160.0
2016-04-09,支出,日常用品,檯燈燈管,-135.0
2016-04-09,支出,午餐,,-97.0
2016-04-09,支出,早餐,,-40.0
2016-04-10,支出,晚餐,,-77.0
2016-04-11,支出,晚餐,,-90.0
2016-04-11,支出,午餐,,-60.0
2016-04-12,支出,晚餐,,-120.0
2016-04-12,支出,午餐,,-60.0
2016-04-12,支出,宵夜,,-50.0
2016-04-13,支出,晚餐,,-95.0
2016-04-13,支出,午餐,,-60.0
2016-04-14,支出,晚餐,,-102.0
2016-04-14,支出,午餐,,-60.0
2016-04-15,支出,type117,悠遊卡,-100.0
2016-04-15,支出,午餐,,-85.0
2016-04-15,支出,晚餐,,-82.0
2016-04-16,支出,晚餐,,-385.0
2016-04-16,支出,午餐,,-75.0
2016-04-16,支出,早餐,,-50.0
2016-04-17,支出,午餐,,-99.0
2016-04-17,支出,晚餐,,-99.0
2016-04-18,支出,晚餐,,-100.0
2016-04-18,支出,午餐,,-60.0
2016-04-19,支出,晚餐,,-90.0
2016-04-19,支出,午餐,,-60.0
2016-04-20,支出,晚餐,,-88.0
2016-04-20,支出,午餐,,-60.0
2016-04-21,支出,書,影印卡儲值,-100.0
2016-04-21,支出,晚餐,,-90.0
2016-04-21,支出,午餐,,-60.0
2016-04-22,支出,晚餐,,-75.0
2016-04-22,支出,午餐,,-60.0
2016-04-23,支出,晚餐,,-150.0
2016-04-23,支出,午餐,,-103.0
2016-04-23,支出,宵夜,,-77.0
2016-04-24,支出,晚餐,,-92.0
2016-04-24,支出,午餐,,-75.0
2016-04-25,支出,晚餐,,-95.0
2016-04-25,支出,午餐,,-60.0
2016-04-25,支出,宵夜,,-50.0
2016-04-25,支出,日常用品,藍筆筆芯,-26.0
2016-04-26,支出,晚餐,,-120.0
2016-04-26,支出,午餐,,-45.0
2016-04-27,支出,晚餐,,-90.0
2016-04-27,支出,午餐,,-60.0
2016-04-28,支出,晚餐,,-110.0
2016-04-28,支出,午餐,,-60.0
2016-04-29,支出,type107,MLB.TV,-1801.0
2016-04-29,支出,晚餐,,-102.0
2016-04-29,支出,午餐,,-50.0
2016-04-29,支出,書,影印,-22.0
2016-04-30,支出,午餐,,-110.0
2016-05-01,支出,晚餐,,-89.0
2016-05-02,支出,晚餐,,-90.0
2016-05-02,支出,午餐,,-50.0
2016-05-03,支出,晚餐,,-90.0
2016-05-03,支出,午餐,,-60.0
2016-05-04,支出,晚餐,,-95.0
2016-05-04,支出,午餐,,-60.0
2016-05-05,支出,晚餐,,-100.0
2016-05-05,支出,午餐,,-50.0
2016-05-06,支出,日常用品,冷氣卡,-150.0
2016-05-06,支出,晚餐,,-118.0
2016-05-06,支出,午餐,,-90.0
2016-05-07,支出,晚餐,,-95.0
2016-05-07,支出,午餐,,-57.0
2016-05-08,支出,晚餐,,-128.0
2016-05-08,支出,午餐,,-88.0
2016-05-09,支出,晚餐,,-100.0
2016-05-09,支出,午餐,,-60.0
2016-05-09,支出,宵夜,,-50.0
2016-05-10,支出,晚餐,,-102.0
2016-05-10,支出,午餐,,-50.0
2016-05-11,支出,書,影印卡儲值,-100.0
2016-05-11,支出,午餐,,-85.0
2016-05-11,支出,晚餐,,-80.0
2016-05-11,支出,宵夜,,-50.0
2016-05-12,支出,晚餐,,-100.0
2016-05-12,支出,午餐,,-60.0
2016-05-13,支出,晚餐,,-105.0
2016-05-13,支出,午餐,,-85.0
2016-05-13,支出,日常用品,垃圾袋,-50.0
2016-05-13,支出,早餐,,-20.0
2016-05-14,支出,日常用品,剪頭髮,-100.0
2016-05-14,支出,午餐,,-60.0
2016-05-15,支出,type110,筆電,-30500.0
2016-05-15,支出,type110,筆電ram,-899.0
2016-05-15,支出,晚餐,,-100.0
2016-05-15,支出,交通,停車費,-90.0
2016-05-16,支出,晚餐,,-100.0
2016-05-16,支出,午餐,,-60.0
2016-05-17,支出,晚餐,,-90.0
2016-05-17,支出,午餐,,-41.0
2016-05-18,支出,晚餐,,-102.0
2016-05-18,支出,午餐,,-60.0
2016-05-19,支出,晚餐,,-112.0
2016-05-19,支出,午餐,,-60.0
2016-05-20,支出,午餐,,-85.0
2016-05-20,支出,晚餐,,-75.0
2016-05-20,支出,早餐,,-20.0
2016-05-21,支出,晚餐,,-160.0
2016-05-21,支出,午餐,,-80.0
2016-05-22,支出,日常用品,冷氣卡,-200.0
2016-05-22,支出,晚餐,,-109.0
2016-05-22,支出,午餐,,-102.0
2016-05-23,支出,晚餐,,-110.0
2016-05-23,支出,午餐,,-100.0
2016-05-24,支出,晚餐,,-95.0
2016-05-24,支出,午餐,,-60.0
2016-05-25,支出,晚餐,,-100.0
2016-05-25,支出,午餐,,-80.0
2016-05-26,支出,晚餐,,-100.0
2016-05-26,支出,午餐,,-60.0
2016-05-27,支出,晚餐,,-102.0
2016-05-27,支出,午餐,,-50.0
2016-05-28,支出,晚餐,,-114.0
2016-05-28,支出,午餐,,-100.0
2016-05-28,支出,早餐,,-60.0
2016-05-29,支出,晚餐,,-113.0
2016-05-29,支出,午餐,,-90.0
2016-05-29,支出,宵夜,,-50.0
2016-05-30,支出,晚餐,,-99.0
2016-05-30,支出,午餐,,-50.0
2016-05-31,支出,晚餐,,-100.0
2016-05-31,支出,午餐,,-60.0
2016-06-01,支出,晚餐,,-102.0
2016-06-01,支出,午餐,,-80.0
2016-06-02,支出,晚餐,,-582.0
2016-06-02,支出,午餐,,-60.0
2016-06-02,支出,交通,停車費,-15.0
2016-06-03,支出,日常用品,冷氣費,-150.0
2016-06-03,支出,午餐,,-85.0
2016-06-03,支出,晚餐,,-80.0
2016-06-04,支出,晚餐,,-138.0
2016-06-04,支出,午餐,,-60.0
2016-06-05,支出,晚餐,,-130.0
2016-06-05,支出,午餐,,-95.0
2016-06-06,支出,晚餐,,-400.0
2016-06-06,支出,午餐,,-60.0
2016-06-06,支出,交通,,-40.0
2016-06-07,支出,晚餐,,-102.0
2016-06-07,支出,日常用品,悠遊卡,-100.0
2016-06-07,支出,午餐,,-46.0
2016-06-08,支出,晚餐,,-625.0
2016-06-08,支出,午餐,,-60.0
2016-06-08,支出,交通,,-15.0
2016-06-09,支出,type107,貝殼幣,-250.0
2016-06-12,支出,日常用品,冷氣卡,-150.0
2016-06-12,支出,晚餐,,-130.0
2016-06-13,支出,晚餐,,-112.0
2016-06-13,支出,午餐,,-50.0
2016-06-13,支出,早餐,,-20.0
2016-06-14,支出,晚餐,,-106.0
2016-06-14,支出,午餐,,-60.0
2016-06-14,支出,宵夜,,-50.0
2016-06-15,支出,晚餐,,-95.0
2016-06-15,支出,午餐,,-85.0
2016-06-15,支出,宵夜,,-50.0
2016-06-15,支出,日常用品,藍筆芯 橡皮擦,-36.0
2016-06-15,收入,type204,影印卡退費,45.0
2016-06-15,收入,type201,統一發票,200.0
2016-06-16,支出,晚餐,,-158.0
2016-06-16,支出,宵夜,,-40.0
2016-06-16,支出,午餐,,-37.0
2016-06-17,支出,晚餐,,-145.0
2016-06-17,支出,日常用品,雨傘,-70.0
2016-06-17,支出,飲料,,-45.0
2016-06-17,支出,午餐,,-22.0
2016-06-17,支出,宵夜,,-20.0
2016-06-18,支出,晚餐,,-95.0
2016-06-18,支出,午餐,,-39.0
2016-06-18,支出,零食,,-28.0
2016-06-24,支出,日常用品,電信悠遊卡,-200.0
2016-06-24,支出,type107,麥克風,-199.0
2016-07-01,支出,交通,高鐵定期票,-5685.0
2016-07-01,支出,午餐,,-85.0
2016-07-01,支出,飲料,,-49.0
2016-07-01,支出,交通,停車,-30.0
2016-07-02,支出,type107,看電影,-340.0
2016-07-03,支出,午餐,,-190.0
2016-07-04,支出,日常用品,小米行動電源,-365.0
2016-07-04,支出,午餐,,-80.0
2016-07-04,支出,交通,停車,-30.0
2016-07-05,支出,午餐,,-90.0
2016-07-05,支出,交通,停車,-30.0
2016-07-06,支出,午餐,,-100.0
2016-07-06,支出,交通,停車,-30.0
2016-07-07,支出,交通,悠遊卡,-100.0
2016-07-07,支出,午餐,,-90.0
2016-07-07,支出,交通,停車,-30.0
2016-07-08,支出,type107,poe,-168.0
2016-07-09,支出,午餐,,-451.0
2016-07-09,支出,飲料,,-45.0
2016-07-09,支出,交通,停車,-30.0
2016-07-11,支出,午餐,,-90.0
2016-07-11,支出,交通,停車,-30.0
2016-07-12,支出,交通,悠遊卡,-100.0
2016-07-12,支出,交通,停車,-30.0
2016-07-13,支出,零食,,-220.0
2016-07-13,支出,午餐,,-80.0
2016-07-13,支出,交通,停車,-30.0
2016-07-14,支出,午餐,,-85.0
2016-07-14,支出,交通,停車,-30.0
2016-07-15,支出,type110,證件套,-155.0
2016-07-15,支出,type114,照x光,-150.0
2016-07-15,支出,交通,加油,-106.0
2016-07-18,支出,午餐,,-100.0
2016-07-18,支出,交通,悠遊卡儲值,-100.0
2016-07-18,支出,交通,停車,-30.0
2016-07-19,支出,午餐,,-90.0
2016-07-19,支出,交通,停車,-30.0
2016-07-20,支出,午餐,,-100.0
2016-07-20,支出,交通,停車,-30.0
2016-07-21,支出,交通,電信悠遊卡,-100.0
2016-07-21,支出,午餐,,-90.0
2016-07-21,支出,交通,停車,-30.0
2016-07-22,支出,午餐,,-90.0
2016-07-22,支出,交通,停車,-30.0
2016-07-25,支出,午餐,,-80.0
2016-07-25,支出,交通,停車,-30.0
2016-07-26,支出,type109,lativ,-565.0
2016-07-26,支出,交通,電信悠遊卡,-100.0
2016-07-26,支出,午餐,,-90.0
2016-07-26,支出,交通,停車,-30.0
2016-07-27,支出,午餐,,-75.0
2016-07-27,支出,交通,停車,-30.0
2016-07-28,支出,交通,高鐵定期票,-5585.0
2016-07-28,支出,午餐,,-90.0
2016-07-28,支出,交通,停車,-30.0
2016-07-29,支出,午餐,,-90.0
2016-07-29,支出,交通,停車,-30.0
2016-07-30,支出,門票,游泳,-30.0
2016-07-31,支出,交通,電信悠遊卡,-100.0
2016-08-01,支出,午餐,,-90.0
2016-08-01,支出,交通,停車,-30.0
2016-08-01,收入,type200,中研院暑期實習 7月,20599.0
2016-08-02,支出,type107,電影票,-235.0
2016-08-02,支出,午餐,,-85.0
2016-08-02,支出,交通,停車,-30.0
2016-08-03,支出,午餐,,-90.0
2016-08-03,支出,交通,停車,-30.0
2016-08-04,支出,交通,電信悠遊卡,-100.0
2016-08-04,支出,午餐,,-90.0
2016-08-04,支出,交通,停車,-30.0
2016-08-05,支出,午餐,,-80.0
2016-08-05,支出,交通,停車,-30.0
2016-08-08,支出,午餐,,-90.0
2016-08-08,支出,交通,停車,-30.0
2016-08-09,支出,交通,電信悠遊卡,-100.0
2016-08-09,支出,午餐,,-80.0
2016-08-09,支出,交通,停車,-30.0
2016-08-10,支出,午餐,,-95.0
2016-08-10,支出,交通,停車,-30.0
2016-08-11,支出,午餐,,-80.0
2016-08-11,支出,交通,停車,-30.0
2016-08-12,支出,交通,電信悠遊卡,-100.0
2016-08-12,支出,午餐,,-90.0
2016-08-13,支出,門票,游泳,-30.0
2016-08-14,支出,日常用品,剪頭髮,-100.0
2016-08-15,支出,午餐,,-80.0
2016-08-15,支出,交通,停車,-30.0
2016-08-16,支出,午餐,,-65.0
2016-08-16,支出,交通,停車,-30.0
2016-08-17,支出,午餐,,-90.0
2016-08-17,支出,交通,停車,-30.0
2016-08-18,支出,交通,電信悠遊卡,-100.0
2016-08-18,支出,午餐,,-65.0
2016-08-18,支出,交通,停車,-30.0
2016-08-19,支出,午餐,,-65.0
2016-08-19,支出,交通,停車,-30.0
2016-08-20,支出,type107,Xperia X,-11800.0
2016-08-20,支出,午餐,,-110.0
2016-08-20,支出,type114,掛號費,-100.0
2016-08-22,支出,午餐,,-85.0
2016-08-22,支出,交通,停車,-30.0
2016-08-23,支出,交通,電信悠遊卡,-100.0
2016-08-23,支出,午餐,,-80.0
2016-08-23,支出,交通,停車,-30.0
2016-08-24,支出,午餐,,-85.0
2016-08-24,支出,交通,停車,-30.0
2016-08-25,支出,午餐,,-65.0
2016-08-25,支出,交通,停車,-30.0
2016-08-26,支出,交通,電信悠遊卡,-100.0
2016-08-26,支出,午餐,,-80.0
2016-08-26,支出,交通,停車,-30.0
2016-08-29,支出,午餐,,-80.0
2016-08-29,支出,交通,停車,-30.0
2016-08-30,支出,午餐,,-130.0
2016-08-30,支出,交通,停車,-30.0
2016-08-31,支出,交通,高鐵票,-400.0
2016-08-31,支出,交通,停車,-30.0
2016-09-01,支出,午餐,,-85.0
2016-09-01,支出,type119,影印成績單,-10.0
2016-09-01,支出,type119,影印抵免學分單,-4.0
2016-09-01,收入,type200,中研院暑期實習 8月,20599.0
2016-09-05,支出,交通,高鐵票,-380.0
2016-09-05,支出,交通,電信悠遊卡,-100.0
2016-09-05,支出,交通,停車,-30.0
2016-09-06,支出,晚餐,,-60.0
2016-09-07,支出,門票,游泳池票卡,-450.0
2016-09-07,支出,日常用品,冷氣卡,-250.0
2016-09-07,支出,晚餐,,-65.0
2016-09-07,支出,午餐,,-52.0
2016-09-07,支出,日常用品,掛勾,-25.0
2016-09-07,支出,日常用品,膠帶,-18.0
2016-09-08,支出,type110,小米路由器,-880.0
2016-09-08,支出,type114,新生健檢,-730.0
2016-09-08,支出,type110,延長線,-278.0
2016-09-08,支出,午餐,,-65.0
2016-09-08,支出,晚餐,,-60.0
2016-09-08,支出,type119,影印,-18.0
2016-09-09,支出,晚餐,,-99.0
2016-09-09,支出,午餐,,-55.0
2016-09-10,支出,晚餐,,-70.0
2016-09-10,支出,午餐,,-55.0
2016-09-10,支出,宵夜,,-20.0
2016-09-11,支出,晚餐,,-70.0
2016-09-11,支出,午餐,,-60.0
2016-09-11,支出,飲料,水,-18.0
2016-09-12,支出,日常用品,3m掛勾,-179.0
2016-09-12,支出,晚餐,,-99.0
2016-09-12,支出,午餐,,-51.0
2016-09-12,支出,type119,影印加簽單,-1.0
2016-09-13,支出,晚餐,,-120.0
2016-09-13,支出,午餐,,-65.0
2016-09-13,支出,type119,影印加簽單,-1.0
2016-09-14,支出,交通,高鐵票,-125.0
2016-09-14,支出,午餐,,-99.0
2016-09-15,支出,type107,看電影,-340.0
2016-09-15,支出,午餐,,-139.0
2016-09-18,支出,交通,高鐵票,-125.0
2016-09-18,支出,晚餐,,-65.0
2016-09-19,支出,晚餐,,-155.0
2016-09-19,支出,午餐,,-51.0
2016-09-20,支出,晚餐,,-100.0
2016-09-20,支出,交通,豪泰,-100.0
2016-09-20,支出,早餐,,-55.0
2016-09-21,支出,晚餐,,-110.0
2016-09-21,支出,早餐,,-55.0
2016-09-22,支出,午餐,,-95.0
2016-09-22,支出,晚餐,,-75.0
2016-09-23,支出,交通,電信悠遊卡,-100.0
2016-09-23,支出,晚餐,,-79.0
2016-09-23,支出,早餐,,-53.0
2016-09-23,支出,飲料,水,-20.0
2016-09-24,支出,午餐,,-87.0
2016-09-24,支出,晚餐,,-75.0
2016-09-25,支出,晚餐,,-90.0
2016-09-25,支出,早餐,,-51.0
2016-09-26,支出,晚餐,,-60.0
2016-09-27,支出,午餐,,-108.0
2016-09-28,支出,晚餐,,-110.0
2016-09-28,支出,午餐,,-99.0
2016-09-29,支出,書,影印,-120.0
2016-09-29,支出,午餐,,-77.0
2016-09-29,支出,日常用品,立可帶,-29.0
2016-09-30,支出,晚餐,,-550.0
2016-09-30,支出,交通,高鐵票,-160.0
2016-09-30,支出,午餐,,-19.0
2016-10-01,收入,type200,研究生獎助學金 9月,5000.0
2016-10-02,支出,交通,高鐵票,-125.0
2016-10-02,支出,晚餐,,-60.0
2016-10-03,支出,晚餐,,-65.0
2016-10-03,支出,書,印paper,-40.0
2016-10-03,支出,早餐,,-20.0
2016-10-04,支出,晚餐,,-75.0
2016-10-04,支出,早餐,,-41.0
2016-10-04,支出,飲料,,-32.0
2016-10-04,支出,書,影印,-16.0
2016-10-04,支出,書,影印,-6.0
2016-10-05,支出,晚餐,,-90.0
2016-10-05,支出,午餐,,-50.0
2016-10-05,支出,書,影印,-4.0
2016-10-06,支出,晚餐,,-60.0
2016-10-07,支出,晚餐,,-148.0
2016-10-07,支出,早餐,,-20.0
2016-10-07,支出,type119,影印學分繳費單,-1.0
2016-10-08,支出,交通,高鐵票,-125.0
2016-10-08,支出,午餐,,-42.0
2016-10-10,支出,交通,高鐵票,-125.0
2016-10-10,支出,晚餐,,-68.0
2016-10-11,支出,晚餐,,-75.0
2016-10-11,支出,午餐,,-50.0
2016-10-12,支出,晚餐,,-75.0
2016-10-12,支出,午餐,,-50.0
2016-10-12,支出,飲料,,-40.0
2016-10-12,支出,早餐,,-25.0
2016-10-12,支出,type107,退票,-20.0
2016-10-12,支出,書,影印,-15.0
2016-10-13,支出,type109,lativ,-340.0
2016-10-13,支出,交通,豪泰,-200.0
2016-10-13,支出,晚餐,,-80.0
2016-10-13,支出,書,影印,-25.0
2016-10-13,支出,早餐,,-15.0
2016-10-14,支出,晚餐,,-180.0
2016-10-14,支出,午餐,,-135.0
2016-10-14,支出,交通,電信悠遊卡,-100.0
2016-10-14,支出,早餐,,-20.0
2016-10-15,支出,晚餐,,-80.0
2016-10-15,支出,早餐,,-50.0
2016-10-16,支出,午餐,,-320.0
2016-10-16,支出,type107,看電影,-300.0
2016-10-16,支出,晚餐,,-90.0
2016-10-16,支出,飲料,,-85.0
2016-10-16,支出,早餐,,-45.0
2016-10-17,支出,晚餐,,-150.0
2016-10-17,支出,書,影印,-8.0
2016-10-18,支出,晚餐,,-70.0
2016-10-18,支出,午餐,,-50.0
2016-10-18,支出,早餐,,-42.0
2016-10-18,支出,書,影印,-13.0
2016-10-19,支出,晚餐,,-70.0
2016-10-19,支出,午餐,,-50.0
2016-10-20,支出,晚餐,,-89.0
2016-10-20,支出,早餐,,-20.0
2016-10-20,支出,飲料,,-18.0
2016-10-21,支出,交通,高鐵票,-190.0
2016-10-21,支出,午餐,,-115.0
2016-10-21,支出,交通,客運票,-100.0
2016-10-21,支出,交通,電信悠遊卡,-100.0
2016-10-21,支出,早餐,,-50.0
2016-10-23,支出,交通,高鐵票,-125.0
2016-10-24,支出,晚餐,,-75.0
2016-10-24,支出,書,影印,-13.0
2016-10-25,支出,晚餐,,-75.0
2016-10-25,支出,午餐,,-50.0
2016-10-26,支出,交通,豪泰,-200.0
2016-10-26,支出,晚餐,,-180.0
2016-10-26,支出,午餐,,-50.0
2016-10-26,支出,書,影印,-15.0
2016-10-27,支出,晚餐,,-625.0
2016-10-27,支出,日常用品,冷氣卡,-200.0
2016-10-27,支出,早餐,,-30.0
2016-10-28,支出,午餐,,-126.0
2016-10-28,支出,晚餐,,-75.0
2016-10-28,支出,早餐,,-50.0
2016-10-29,支出,type107,看電影,-300.0
2016-10-29,支出,午餐,,-264.0
2016-10-29,支出,晚餐,,-105.0
2016-10-29,支出,交通,電信悠遊卡,-100.0
2016-10-29,支出,早餐,,-65.0
2016-10-29,支出,飲料,,-29.0
2016-10-30,支出,晚餐,,-125.0
2016-10-31,支出,晚餐,,-60.0
2016-10-31,支出,早餐,,-50.0
2016-10-31,支出,書,影印,-9.0
2016-11-01,支出,晚餐,,-65.0
2016-11-01,支出,午餐,,-50.0
2016-11-01,支出,書,影印,-8.0
2016-11-01,收入,type200,研究生獎助學金 10月,5000.0
2016-11-02,支出,晚餐,,-95.0
2016-11-02,支出,午餐,,-20.0
2016-11-03,支出,晚餐,,-60.0
2016-11-03,支出,早餐,,-34.0
2016-11-03,支出,書,,-33.0
2016-11-03,支出,午餐,,-27.0
2016-11-04,支出,type107,,-265.0
2016-11-04,支出,交通,高鐵票,-125.0
2016-11-04,支出,飲料,,-20.0
2016-11-06,支出,交通,高鐵票,-125.0
2016-11-06,支出,晚餐,,-35.0
2016-11-07,支出,晚餐,,-50.0
2016-11-08,支出,晚餐,,-65.0
2016-11-08,支出,午餐,,-50.0
2016-11-09,支出,晚餐,,-85.0
2016-11-09,支出,午餐,,-50.0
2016-11-10,支出,晚餐,,-50.0
2016-11-10,支出,早餐,,-34.0
2016-11-10,支出,書,影印,-9.0
2016-11-11,支出,交通,豪泰,-200.0
2016-11-11,支出,交通,電信悠遊卡,-200.0
2016-11-11,支出,午餐,,-90.0
2016-11-11,支出,晚餐,,-60.0
2016-11-11,支出,早餐,,-50.0
2016-11-12,支出,晚餐,,-115.0
2016-11-12,支出,早餐,,-50.0
2016-11-13,支出,晚餐,,-150.0
2016-11-13,支出,早餐,,-61.0
2016-11-14,支出,晚餐,,-65.0
2016-11-14,支出,早餐,,-50.0
2016-11-14,支出,飲料,,-10.0
2016-11-15,支出,晚餐,,-75.0
2016-11-15,支出,午餐,,-50.0
2016-11-15,支出,書,影印,-9.0
2016-11-16,支出,type107,steam錢包,-150.0
2016-11-16,支出,晚餐,,-95.0
2016-11-16,支出,早餐,,-53.0
2016-11-17,支出,晚餐,,-50.0
2016-11-17,支出,早餐,,-18.0
2016-11-18,支出,交通,高鐵票,-190.0
2016-11-18,支出,午餐,,-130.0
2016-11-18,支出,晚餐,,-120.0
2016-11-18,支出,交通,豪泰,-100.0
2016-11-18,支出,早餐,,-50.0
2016-11-20,支出,交通,高鐵票,-125.0
2016-11-20,支出,晚餐,,-40.0
2016-11-21,支出,午餐,,-51.0
2016-11-21,支出,書,影印,-12.0
2016-11-22,支出,晚餐,,-75.0
2016-11-22,支出,午餐,,-50.0
2016-11-22,支出,書,影印,-12.0
2016-11-23,支出,晚餐,,-75.0
2016-11-23,支出,午餐,,-50.0
2016-11-24,支出,晚餐,,-95.0
2016-11-24,支出,午餐,,-27.0
2016-11-24,支出,書,影印,-19.0
2016-11-25,支出,交通,高鐵票,-190.0
2016-11-25,支出,午餐,,-130.0
2016-11-25,支出,交通,豪泰,-100.0
2016-11-25,支出,晚餐,,-100.0
2016-11-25,支出,早餐,,-50.0
2016-11-26,支出,午餐,,-90.0
2016-11-27,支出,交通,高鐵票,-125.0
2016-11-27,支出,晚餐,,-73.0
2016-11-28,支出,type107,steam錢包,-300.0
2016-11-28,支出,晚餐,,-75.0
2016-11-28,支出,午餐,,-20.0
2016-11-29,支出,晚餐,,-95.0
2016-11-29,支出,午餐,,-50.0
2016-11-29,支出,日常用品,藍筆,-37.0
2016-11-29,支出,書,影印,-10.0
2016-11-30,支出,晚餐,,-160.0
2016-11-30,支出,午餐,,-50.0
2016-12-01,支出,晚餐,,-75.0
2016-12-01,支出,午餐,,-50.0
2016-12-01,收入,type200,研究生獎助學金 11月,5000.0
2016-12-02,支出,交通,豪泰,-200.0
2016-12-02,支出,交通,電信悠遊卡,-200.0
2016-12-02,支出,午餐,,-90.0
2016-12-02,支出,晚餐,,-80.0
2016-12-02,支出,早餐,,-50.0
2016-12-03,支出,午餐,,-50.0
2016-12-03,支出,晚餐,,-50.0
2016-12-03,支出,飲料,,-5.0
2016-12-04,支出,晚餐,,-90.0
2016-12-04,支出,午餐,,-24.0
2016-12-05,支出,晚餐,,-75.0
2016-12-05,支出,午餐,,-49.0
2016-12-06,支出,晚餐,,-85.0
2016-12-06,支出,午餐,,-55.0
2016-12-06,支出,飲料,,-41.0
2016-12-07,支出,晚餐,,-95.0
2016-12-07,支出,午餐,,-50.0
2016-12-08,支出,晚餐,,-65.0
2016-12-08,支出,午餐,,-50.0
2016-12-08,支出,書,影印,-17.0
2016-12-09,支出,交通,高鐵票,-190.0
2016-12-09,支出,午餐,,-130.0
2016-12-09,支出,交通,豪泰,-100.0
2016-12-09,支出,晚餐,,-80.0
2016-12-09,支出,早餐,,-50.0
2016-12-11,支出,交通,高鐵票,-125.0
2016-12-11,支出,晚餐,,-65.0
2016-12-12,支出,晚餐,,-65.0
2016-12-12,支出,午餐,,-54.0
2016-12-13,支出,晚餐,,-85.0
2016-12-13,支出,午餐,,-50.0
2016-12-13,支出,書,影印,-11.0
2016-12-14,支出,晚餐,,-95.0
2016-12-14,支出,午餐,,-50.0
2016-12-15,支出,晚餐,,-100.0
2016-12-15,支出,type107,巴哈動畫瘋,-99.0
2016-12-15,支出,午餐,,-20.0
2016-12-16,支出,午餐,,-20.0
2016-12-17,支出,午餐,,-86.0
2016-12-17,支出,晚餐,,-60.0
2016-12-18,支出,晚餐,,-100.0
2016-12-18,支出,早餐,,-75.0
2016-12-18,收入,type204,冷氣卡退費,50.0
2016-12-19,支出,晚餐,,-120.0
2016-12-19,支出,午餐,,-20.0
2016-12-20,支出,晚餐,,-95.0
2016-12-20,支出,午餐,,-50.0
2016-12-20,支出,書,影印,-10.0
2016-12-21,支出,type107,steam錢包,-150.0
2016-12-21,支出,晚餐,,-85.0
2016-12-21,支出,宵夜,,-20.0
2016-12-22,支出,晚餐,,-95.0
2016-12-22,支出,午餐,,-20.0
2016-12-22,支出,書,影印,-9.0
2016-12-23,支出,交通,高鐵,-190.0
2016-12-23,支出,午餐,,-130.0
2016-12-23,支出,交通,豪泰,-105.0
2016-12-23,支出,晚餐,,-100.0
2016-12-23,支出,早餐,,-50.0
2016-12-24,支出,晚餐,,-483.0
2016-12-26,支出,交通,高鐵票,-125.0
2016-12-26,支出,晚餐,,-60.0
2016-12-26,支出,書,影印,-11.0
2016-12-27,支出,type107,Skyline,-213.0
2016-12-27,支出,晚餐,,-95.0
2016-12-27,支出,午餐,,-50.0
2016-12-27,支出,書,影印,-16.0
2016-12-28,支出,晚餐,,-80.0
2016-12-29,支出,晚餐,,-95.0
2016-12-29,支出,午餐,,-46.0
2016-12-29,支出,日常用品,藍筆筆芯,-27.0
2016-12-30,支出,交通,豪泰,-210.0
2016-12-30,支出,晚餐,,-110.0
2016-12-30,支出,日常用品,護唇膏,-100.0
2016-12-30,支出,午餐,,-80.0
2016-12-30,支出,早餐,,-50.0
2016-12-31,支出,type107,steam錢包,-150.0
2016-12-31,支出,午餐,,-100.0
2017-01-01,支出,晚餐,,-154.0
2017-01-01,支出,宵夜,,-25.0
2017-01-01,收入,type200,研究生獎助學金 12月,5000.0
2017-01-02,支出,晚餐,,-75.0
2017-01-02,支出,午餐,,-50.0
2017-01-03,支出,晚餐,,-125.0
2017-01-03,支出,午餐,,-50.0
2017-01-03,支出,書,影印,-10.0
2017-01-04,支出,晚餐,,-95.0
2017-01-04,支出,午餐,,-50.0
2017-01-05,支出,晚餐,,-45.0
2017-01-05,支出,午餐,,-20.0
2017-01-06,支出,交通,電信悠遊卡,-200.0
2017-01-06,支出,午餐,,-144.0
2017-01-06,支出,交通,豪泰,-105.0
2017-01-06,支出,早餐,,-50.0
2017-01-08,支出,type107,steam錢包,-150.0
2017-01-08,支出,交通,高鐵票,-125.0
2017-01-08,支出,晚餐,,-85.0
2017-01-09,支出,晚餐,,-60.0
2017-01-09,支出,午餐,,-34.0
2017-01-10,支出,晚餐,,-90.0
2017-01-10,支出,午餐,,-50.0
2017-01-11,支出,晚餐,,-60.0
2017-01-11,支出,午餐,,-40.0
2017-01-12,支出,晚餐,,-90.0
2017-01-13,支出,早餐,,-50.0
2017-01-15,支出,交通,高鐵回數票+製卡費,-1420.0
2017-01-16,支出,午餐,,-90.0
2017-01-17,支出,午餐,,-65.0
2017-01-19,支出,交通,高鐵回數票,-1320.0
2017-01-19,支出,交通,電信悠遊卡,-200.0
2017-01-19,支出,午餐,,-55.0
2017-01-19,支出,交通,停車,-30.0
2017-01-20,支出,午餐,,-55.0
2017-01-20,支出,交通,停車,-30.0
2017-01-24,支出,晚餐,,-360.0
2017-01-24,支出,交通,高鐵票,-310.0
2017-01-29,支出,type107,黑色沙漠,-299.0
2017-02-01,收入,type200,研究生獎助學金 1月,5000.0
2017-02-05,支出,晚餐,,-75.0
2017-02-06,支出,日常用品,溫濕度計,-890.0
2017-02-06,支出,晚餐,,-75.0
2017-02-06,支出,午餐,,-70.0
2017-02-06,支出,早餐,,-65.0
2017-02-07,支出,日常用品,洗衣精,-170.0
2017-02-07,支出,晚餐,,-80.0
2017-02-07,支出,午餐,,-75.0
2017-02-07,支出,早餐,,-50.0
2017-02-08,支出,晚餐,,-75.0
2017-02-08,支出,午餐,,-50.0
2017-02-08,支出,早餐,,-45.0
2017-02-09,支出,晚餐,,-80.0
2017-02-09,支出,午餐,,-70.0
2017-02-09,支出,早餐,,-68.0
2017-02-09,支出,宵夜,,-40.0
2017-02-10,支出,晚餐,,-60.0
2017-02-10,支出,早餐,,-55.0
2017-02-10,支出,午餐,,-50.0
2017-02-13,支出,晚餐,,-140.0
2017-02-13,支出,午餐,,-80.0
2017-02-14,支出,晚餐,,-150.0
2017-02-14,支出,早餐,,-68.0
2017-02-14,支出,午餐,,-50.0
2017-02-15,支出,日常用品,牙線、穿透器、牙菌斑顯示錠,-527.0
2017-02-15,支出,交通,電信悠遊卡,-200.0
2017-02-15,支出,晚餐,,-120.0
2017-02-15,支出,早餐,,-68.0
2017-02-15,支出,日常用品,牙線,-50.0
2017-02-15,支出,飲料,,-25.0
2017-02-16,支出,午餐,,-80.0
2017-02-16,支出,晚餐,,-80.0
2017-02-16,支出,早餐,,-45.0
2017-02-16,收入,type201,統一發票,200.0
2017-02-17,支出,晚餐,,-85.0
2017-02-17,支出,午餐,,-65.0
2017-02-17,支出,早餐,,-60.0
2017-02-18,支出,晚餐,,-65.0
2017-02-18,支出,午餐,,-60.0
2017-02-18,支出,宵夜,,-40.0
2017-02-19,支出,午餐,,-80.0
2017-02-19,支出,晚餐,,-80.0
2017-02-20,支出,晚餐,,-90.0
2017-02-20,支出,午餐,,-80.0
2017-02-20,支出,宵夜,,-50.0
2017-02-21,支出,午餐,,-80.0
2017-02-21,支出,零食,,-72.0
2017-02-21,支出,晚餐,,-70.0
2017-02-21,支出,早餐,,-45.0
2017-02-22,支出,交通,豪泰,-110.0
2017-02-22,支出,晚餐,,-97.0
2017-02-22,支出,午餐,,-75.0
2017-02-22,支出,零食,,-12.0
2017-02-23,支出,晚餐,,-100.0
2017-02-23,支出,午餐,,-39.0
2017-02-24,支出,晚餐,,-825.0
2017-02-24,支出,交通,高鐵,-160.0
2017-02-24,支出,午餐,,-60.0
2017-02-24,支出,早餐,,-45.0
2017-02-28,支出,飲料,水,-49.0
2017-03-01,支出,type110,皮夾,-1488.0
2017-03-01,支出,晚餐,,-138.0
2017-03-01,支出,午餐,,-72.0
2017-03-01,收入,type200,研究生獎助學金 2月,5000.0
2017-03-02,支出,晚餐,,-100.0
2017-03-02,支出,早餐,,-45.0
2017-03-03,支出,午餐,,-90.0
2017-03-03,支出,晚餐,,-80.0
2017-03-03,支出,早餐,,-65.0
2017-03-04,支出,午餐,,-142.0
2017-03-04,支出,晚餐,,-80.0
2017-03-04,支出,飲料,水,-20.0
2017-03-05,支出,午餐,,-100.0
2017-03-05,支出,晚餐,,-60.0
2017-03-06,支出,午餐,,-131.0
2017-03-06,支出,晚餐,,-100.0
2017-03-06,支出,早餐,,-52.0
2017-03-07,支出,日常用品,文具,-123.0
2017-03-07,支出,午餐,,-85.0
2017-03-07,支出,晚餐,,-80.0
2017-03-08,支出,晚餐,,-125.0
2017-03-08,支出,早餐,,-80.0
2017-03-08,支出,宵夜,,-45.0
2017-03-08,支出,日常用品,藍筆,-34.0
2017-03-09,支出,晚餐,,-100.0
2017-03-09,支出,午餐,,-60.0
2017-03-09,支出,早餐,,-45.0
2017-03-10,支出,晚餐,,-119.0
2017-03-10,支出,午餐,,-50.0
2017-03-10,支出,宵夜,,-40.0
2017-03-10,支出,早餐,,-23.0
2017-03-10,支出,type107,顯示卡 asus 470 4g 已退費,-1.0
2017-03-11,支出,午餐,,-105.0
2017-03-11,支出,晚餐,,-70.0
2017-03-11,支出,飲料,水,-59.0
2017-03-11,支出,宵夜,,-40.0
2017-03-12,支出,type107,asus strix DC1060,-9390.0
2017-03-12,支出,午餐,,-66.0
2017-03-12,支出,晚餐,,-50.0
2017-03-13,支出,晚餐,,-80.0
2017-03-13,支出,午餐,,-25.0
2017-03-14,支出,晚餐,,-90.0
2017-03-14,支出,午餐,,-70.0
2017-03-14,支出,早餐,,-68.0
2017-03-14,支出,宵夜,,-40.0
2017-03-15,支出,晚餐,,-80.0
2017-03-16,支出,晚餐,,-100.0
2017-03-16,支出,午餐,,-70.0
2017-03-16,支出,早餐,,-45.0
2017-03-17,支出,交通,高鐵票,-190.0
2017-03-17,支出,午餐,,-65.0
2017-03-17,支出,早餐,,-50.0
2017-03-19,支出,交通,高鐵票,-190.0
2017-03-19,支出,晚餐,,-100.0
2017-03-19,收入,type204,高鐵回數票退費,540.0
2017-03-20,支出,晚餐,,-100.0
2017-03-20,支出,飲料,水,-59.0
2017-03-20,支出,午餐,,-25.0
2017-03-21,支出,早餐,,-90.0
2017-03-21,支出,早餐,,-77.0
2017-03-21,支出,午餐,,-50.0
2017-03-22,支出,晚餐,,-100.0
2017-03-22,支出,午餐,,-75.0
2017-03-22,支出,零食,,-52.0
2017-03-22,支出,日常用品,甜心卡,-39.0
2017-03-23,支出,晚餐,,-120.0
2017-03-23,支出,午餐,,-70.0
2017-03-23,支出,早餐,,-18.5
2017-03-24,支出,晚餐,,-100.0
2017-03-24,支出,午餐,,-70.0
2017-03-24,支出,早餐,,-48.5
2017-03-24,支出,宵夜,,-20.0
2017-03-25,支出,午餐,,-80.0
2017-03-25,支出,晚餐,,-50.0
2017-03-25,支出,宵夜,,-28.0
2017-03-25,支出,早餐,,-21.0
2017-03-26,支出,午餐,,-80.0
2017-03-26,支出,晚餐,,-70.0
2017-03-26,支出,早餐,,-21.0
2017-03-26,支出,宵夜,,-20.0
2017-03-27,支出,晚餐,,-100.0
2017-03-27,支出,午餐,,-70.0
2017-03-27,支出,早餐,,-68.0
2017-03-28,支出,午餐,,-110.0
2017-03-28,支出,晚餐,,-90.0
2017-03-28,支出,早餐,,-45.0
2017-03-29,支出,晚餐,,-80.0
2017-03-29,支出,早餐,,-75.0
2017-03-30,支出,午餐,,-100.0
2017-03-30,支出,晚餐,,-100.0
2017-03-30,支出,早餐,,-48.0
2017-03-31,支出,晚餐,,-550.0
2017-03-31,支出,交通,電信悠遊卡,-200.0
2017-03-31,支出,午餐,,-50.0
2017-03-31,支出,交通,停車費,-50.0
2017-03-31,支出,早餐,,-45.0
2017-04-01,收入,type200,研究生獎助學金 3月,5000.0
2017-04-04,支出,晚餐,,-50.0
2017-04-05,支出,晚餐,,-100.0
2017-04-05,支出,午餐,,-85.0
2017-04-05,支出,早餐,,-45.0
2017-04-06,支出,日常用品,牙線x12,-479.0
2017-04-06,支出,type110,NCAA束口袋,-352.0
2017-04-06,支出,晚餐,,-100.0
2017-04-06,支出,日常用品,口腔鏡,-99.0
2017-04-06,支出,午餐,,-70.0
2017-04-07,支出,晚餐,,-90.0
2017-04-07,支出,午餐,,-70.0
2017-04-07,支出,早餐,,-50.0
2017-04-07,支出,宵夜,,-30.0
2017-04-08,支出,午餐,,-70.0
2017-04-08,支出,晚餐,,-70.0
2017-04-08,支出,宵夜,,-30.0
2017-04-08,支出,早餐,,-21.0
2017-04-09,支出,午餐,,-70.0
2017-04-09,支出,早餐,,-21.0
2017-04-10,支出,午餐,,-120.0
2017-04-10,支出,晚餐,,-100.0
2017-04-10,支出,早餐,,-63.5
2017-04-11,支出,晚餐,,-90.0
2017-04-11,支出,午餐,,-80.0
2017-04-11,支出,早餐,,-63.5
2017-04-12,支出,晚餐,,-125.0
2017-04-12,支出,早餐,,-80.0
2017-04-13,支出,晚餐,,-100.0
2017-04-13,支出,午餐,,-70.0
2017-04-13,支出,早餐,,-45.0
2017-04-14,支出,交通,高鐵票,-190.0
2017-04-14,支出,午餐,,-100.0
2017-04-14,支出,早餐,,-45.0
2017-04-16,支出,type107,電影票,-240.0
2017-04-16,支出,午餐,,-223.0
2017-04-16,支出,交通,高鐵票,-190.0
2017-04-16,支出,飲料,,-50.0
2017-04-17,支出,晚餐,,-70.0
2017-04-17,支出,宵夜,,-40.0
2017-04-18,支出,午餐,,-160.0
2017-04-18,支出,晚餐,,-100.0
2017-04-18,支出,早餐,,-63.5
2017-04-19,支出,晚餐,,-99.0
2017-04-19,支出,早餐,,-80.0
2017-04-20,支出,午餐,,-100.0
2017-04-20,支出,晚餐,,-90.0
2017-04-20,支出,早餐,,-48.5
2017-04-21,支出,晚餐,,-100.0
2017-04-21,支出,早餐,,-95.0
2017-04-21,支出,午餐,,-55.0
2017-04-21,支出,宵夜,,-40.0
2017-04-22,支出,午餐,,-100.0
2017-04-22,支出,晚餐,,-50.0
2017-04-22,支出,飲料,水,-49.0
2017-04-22,支出,宵夜,,-40.0
2017-04-22,支出,早餐,,-21.0
2017-04-23,支出,午餐,,-63.0
2017-04-23,支出,早餐,,-21.0
2017-04-24,支出,type107,喇叭 Edifier M2280,-1390.0
2017-04-24,支出,晚餐,,-100.0
2017-04-24,支出,午餐,,-70.0
2017-04-24,支出,早餐,,-63.5
2017-04-25,支出,晚餐,,-90.0
2017-04-25,支出,午餐,,-70.0
2017-04-25,支出,早餐,,-63.5
2017-04-26,支出,晚餐,,-150.0
2017-04-26,支出,早餐,,-80.0
2017-04-27,支出,type107,MLB.TV,-1728.0
2017-04-27,支出,晚餐,,-100.0
2017-04-27,支出,午餐,,-75.0
2017-04-27,支出,早餐,,-45.0
2017-04-28,支出,晚餐,,-582.0
2017-04-28,支出,宵夜,冰淇淋,-190.0
2017-04-28,支出,交通,高鐵票,-160.0
2017-04-28,支出,午餐,,-77.0
2017-04-28,支出,交通,高鐵票,-35.0
2017-04-28,支出,早餐,,-30.0
2017-04-30,支出,交通,高鐵票,-200.0
2017-05-01,收入,type200,研究生獎助學金 4月,10000.0
2017-05-02,支出,午餐,,-90.0
2017-05-02,支出,晚餐,,-90.0
2017-05-02,支出,飲料,水,-59.0
2017-05-03,支出,晚餐,,-150.0
2017-05-03,支出,午餐,,-127.0
2017-05-04,支出,午餐,,-120.0
2017-05-04,支出,晚餐,,-90.0
2017-05-04,支出,飲料,,-60.0
2017-05-04,支出,早餐,,-48.5
2017-05-05,支出,午餐,,-100.0
2017-05-05,支出,早餐,,-48.5
2017-05-07,支出,交通,高鐵票,-200.0
2017-05-07,支出,晚餐,,-35.0
2017-05-08,支出,晚餐,,-100.0
2017-05-08,支出,午餐,,-70.0
2017-05-08,支出,早餐,,-62.5
2017-05-09,支出,午餐,,-120.0
2017-05-09,支出,晚餐,,-90.0
2017-05-09,支出,飲料,牛奶,-70.0
2017-05-09,支出,早餐,,-62.5
2017-05-10,支出,晚餐,,-109.0
2017-05-10,支出,早餐,,-80.0
2017-05-10,支出,飲料,水,-59.0
2017-05-11,支出,晚餐,,-100.0
2017-05-11,支出,午餐,,-25.0
2017-05-12,支出,晚餐,,-90.0
2017-05-12,支出,午餐,,-70.0
2017-05-12,支出,早餐,,-30.0
2017-05-12,支出,宵夜,,-25.0
2017-05-13,支出,午餐,,-73.0
2017-05-13,支出,早餐,,-21.0
2017-05-14,支出,晚餐,,-100.0
2017-05-14,支出,午餐,,-85.0
2017-05-14,支出,早餐,,-21.0
2017-05-15,支出,晚餐,,-90.0
2017-05-15,支出,早餐,,-63.5
2017-05-15,支出,午餐,,-55.0
2017-05-16,支出,type114,,-490.0
2017-05-16,支出,晚餐,,-85.0
2017-05-16,支出,午餐,,-80.0
2017-05-16,支出,早餐,,-63.5
2017-05-16,支出,飲料,水,-20.0
2017-05-17,支出,晚餐,,-140.0
2017-05-17,支出,早餐,,-48.0
2017-05-17,支出,午餐,,-45.0
2017-05-18,支出,午餐,,-100.0
2017-05-18,支出,晚餐,,-100.0
2017-05-18,支出,早餐,,-48.5
2017-05-19,支出,午餐,,-70.0
2017-05-19,支出,早餐,,-18.5
2017-05-21,支出,交通,高鐵票,-200.0
2017-05-21,支出,交通,電信悠遊卡,-200.0
2017-05-22,支出,晚餐,,-90.0
2017-05-22,支出,午餐,,-70.0
2017-05-22,支出,早餐,,-44.5
2017-05-23,支出,type114,掛號費,-490.0
2017-05-23,支出,午餐,,-120.0
2017-05-23,支出,晚餐,,-90.0
2017-05-23,支出,早餐,,-62.5
2017-05-23,支出,飲料,芋頭鮮奶,-60.0
2017-05-24,支出,晚餐,,-385.0
2017-05-24,支出,零食,冰淇淋,-190.0
2017-05-24,支出,交通,豪泰,-110.0
2017-05-24,支出,早餐,,-80.0
2017-05-26,支出,晚餐,,-100.0
2017-05-26,支出,早餐,,-45.0
2017-05-27,支出,交通,高鐵票,-190.0
2017-05-27,支出,早餐,,-23.0
2017-05-30,支出,交通,高鐵票,-200.0
2017-05-31,支出,晚餐,,-100.0
2017-05-31,支出,早餐,,-80.0
2017-05-31,支出,飲料,芋頭鮮奶,-60.0
2017-05-31,支出,飲料,水,-49.0
2017-05-31,支出,日常用品,垃圾袋,-24.0
2017-05-31,支出,飲料,水,-20.0
2017-06-01,支出,晚餐,,-90.0
2017-06-01,支出,午餐,,-70.0
2017-06-01,支出,飲料,芋頭鮮奶,-60.0
2017-06-01,支出,早餐,,-45.0
2017-06-01,收入,type200,研究生獎助學金 5月,10000.0
2017-06-02,支出,午餐,,-85.0
2017-06-02,支出,早餐,,-48.5
2017-06-03,支出,晚餐,,-100.0
2017-06-03,支出,午餐,,-70.0
2017-06-03,支出,宵夜,,-30.0
2017-06-03,支出,早餐,,-18.5
2017-06-04,支出,午餐,,-70.0
2017-06-04,支出,早餐,,-21.0
2017-06-05,支出,午餐,,-120.0
2017-06-05,支出,晚餐,,-100.0
2017-06-05,支出,早餐,,-21.0
2017-06-06,支出,晚餐,,-90.0
2017-06-06,支出,午餐,,-70.0
2017-06-06,支出,零食,冰棒,-35.0
2017-06-07,支出,晚餐,,-120.0
2017-06-07,支出,午餐,,-80.0
2017-06-07,支出,早餐,,-59.0
2017-06-08,支出,午餐,,-100.0
2017-06-08,支出,晚餐,,-100.0
2017-06-08,支出,早餐,,-59.0
2017-06-08,支出,零食,冰棒,-25.0
2017-06-09,支出,晚餐,,-90.0
2017-06-09,支出,午餐,,-70.0
2017-06-09,支出,宵夜,,-50.0
2017-06-09,支出,早餐,,-44.0
2017-06-10,支出,午餐,,-100.0
2017-06-10,支出,晚餐,,-70.0
2017-06-10,支出,飲料,水,-59.0
2017-06-10,支出,宵夜,,-30.0
2017-06-10,支出,早餐,,-21.0
2017-06-11,支出,午餐,,-70.0
2017-06-11,支出,晚餐,,-70.0
2017-06-11,支出,早餐,,-21.0
2017-06-12,支出,晚餐,,-100.0
2017-06-12,支出,午餐,,-95.0
2017-06-12,支出,早餐,,-39.0
2017-06-13,支出,午餐,,-120.0
2017-06-13,支出,晚餐,,-100.0
2017-06-13,支出,早餐,,-59.0
2017-06-14,支出,午餐,,-95.0
2017-06-14,支出,晚餐,,-90.0
2017-06-14,支出,早餐,,-44.0
2017-06-15,支出,午餐,,-161.0
2017-06-15,支出,晚餐,,-90.0
2017-06-15,支出,早餐,,-48.5
2017-06-16,支出,門票,電影票,-275.0
2017-06-16,支出,交通,高鐵票,-190.0
2017-06-16,支出,晚餐,,-168.0
2017-06-16,支出,零食,酷聖石,-140.0
2017-06-16,支出,午餐,,-85.0
2017-06-16,支出,飲料,,-60.0
2017-06-16,支出,早餐,,-48.5
2017-06-16,支出,type119,寄信 信封1 郵票25,-26.0
2017-06-18,支出,type109,lativ NET,-1571.0
2017-06-18,支出,交通,高鐵票,-200.0
2017-06-19,支出,晚餐,,-104.0
2017-06-19,支出,宵夜,,-75.0
2017-06-20,支出,午餐,,-130.0
2017-06-20,支出,晚餐,,-100.0
2017-06-20,支出,飲料,紅茶鮮奶,-55.0
2017-06-20,支出,早餐,,-44.0
2017-06-21,支出,晚餐,,-100.0
2017-06-21,支出,午餐,,-60.0
2017-06-21,支出,飲料,冬瓜檸檬露,-50.0
2017-06-21,支出,早餐,,-44.0
2017-06-22,支出,晚餐,,-90.0
2017-06-22,支出,午餐,,-80.0
2017-06-22,支出,飲料,牛奶,-70.0
2017-06-22,支出,早餐,,-44.0
2017-06-23,支出,type107,steam錢包,-150.0
2017-06-23,支出,晚餐,,-90.0
2017-06-23,支出,午餐,,-75.0
2017-06-23,支出,宵夜,,-45.0
2017-06-23,支出,早餐,,-30.0
2017-06-24,支出,午餐,,-70.0
2017-06-24,支出,晚餐,,-70.0
2017-06-24,支出,飲料,水,-59.0
2017-06-24,支出,宵夜,,-30.0
2017-06-24,支出,早餐,,-21.0
2017-06-25,支出,午餐,,-83.0
2017-06-25,支出,宵夜,,-55.0
2017-06-25,支出,晚餐,,-50.0
2017-06-25,支出,早餐,,-21.0
2017-06-26,支出,午餐,,-70.0
2017-06-26,支出,晚餐,,-65.0
2017-06-26,支出,早餐,,-59.0
2017-06-27,支出,晚餐,,-161.0
2017-06-27,支出,午餐,,-120.0
2017-06-27,支出,門票,羽球場,-50.0
2017-06-27,支出,早餐,,-44.0
2017-06-28,支出,午餐,,-100.0
2017-06-28,支出,晚餐,,-100.0
2017-06-28,支出,早餐,,-44.0
2017-06-29,支出,晚餐,,-100.0
2017-06-29,支出,午餐,,-43.5
2017-06-30,支出,晚餐,西堤,-285.0
2017-06-30,支出,交通,高鐵票,-190.0
2017-06-30,支出,午餐,,-95.0
2017-06-30,支出,飲料,觀音拿鐵,-59.0
2017-06-30,支出,早餐,,-48.5
2017-07-01,支出,type107,羽球握把布,-70.0
2017-07-01,收入,type200,研究生獎助學金 6月,16000.0
2017-07-02,支出,交通,高鐵票,-200.0
2017-07-03,支出,晚餐,,-90.0
2017-07-03,支出,午餐,,-85.0
2017-07-03,支出,早餐,,-49.0
2017-07-03,支出,飲料,水果茶,-1.0
2017-07-04,支出,晚餐,,-100.0
2017-07-04,支出,午餐,,-85.0
2017-07-04,支出,飲料,冬瓜檸檬,-50.0
2017-07-04,支出,門票,羽球場,-50.0
2017-07-04,支出,早餐,,-44.0
2017-07-05,支出,午餐,,-130.0
2017-07-05,支出,晚餐,,-90.0
2017-07-05,支出,飲料,水,-50.0
2017-07-05,支出,早餐,,-49.0
2017-07-06,支出,晚餐,,-119.0
2017-07-06,支出,午餐,,-100.0
2017-07-06,支出,早餐,,-63.5
2017-07-07,支出,晚餐,,-119.0
2017-07-07,支出,午餐,,-75.0
2017-07-07,支出,早餐,,-48.5
2017-07-07,支出,宵夜,,-30.0
2017-07-08,支出,午餐,,-70.0
2017-07-08,支出,晚餐,,-70.0
2017-07-08,支出,宵夜,,-50.0
2017-07-08,支出,早餐,,-21.0
2017-07-09,支出,午餐,,-70.0
2017-07-09,支出,早餐,,-21.0
2017-07-10,支出,晚餐,,-100.0
2017-07-10,支出,早餐,,-63.5
2017-07-11,支出,門票,羽球團費,-250.0
2017-07-11,支出,午餐,,-130.0
2017-07-11,支出,晚餐,,-100.0
2017-07-11,支出,早餐,,-63.5
2017-07-11,支出,飲料,百花蜜青,-50.0
2017-07-11,支出,門票,羽球館,-50.0
2017-07-12,支出,午餐,,-130.0
2017-07-12,支出,晚餐,,-120.0
2017-07-12,支出,日常用品,雨傘,-65.0
2017-07-12,支出,早餐,,-59.0
2017-07-13,支出,午餐,,-130.0
2017-07-13,支出,晚餐,,-90.0
2017-07-13,支出,飲料,鮮奶茶,-55.0
2017-07-13,支出,早餐,,-44.0
2017-07-14,支出,交通,高鐵票,-190.0
2017-07-14,支出,午餐,,-75.0
2017-07-14,支出,早餐,,-44.0
2017-07-16,支出,交通,高鐵票,-200.0
2017-07-16,支出,交通,電信悠遊卡,-200.0
2017-07-17,支出,晚餐,,-120.0
2017-07-17,支出,午餐,,-70.0
2017-07-17,支出,飲料,百花蜜青,-50.0
2017-07-17,支出,早餐,,-18.5
2017-07-18,支出,晚餐,,-130.0
2017-07-18,支出,午餐,,-75.0
2017-07-18,支出,門票,羽球場,-50.0
2017-07-18,支出,早餐,,-48.5
2017-07-19,支出,晚餐,,-100.0
2017-07-19,支出,早餐,,-44.0
2017-07-20,支出,晚餐,,-130.0
2017-07-20,支出,午餐,,-100.0
2017-07-20,支出,早餐,,-59.0
2017-07-21,支出,晚餐,,-482.0
2017-07-21,支出,交通,高鐵票,-190.0
2017-07-21,支出,午餐,,-100.0
2017-07-21,支出,早餐,,-44.0
2017-07-23,支出,交通,高鐵票,-200.0
2017-07-24,支出,晚餐,,-90.0
2017-07-24,支出,午餐,,-81.0
2017-07-24,支出,早餐,,-39.0
2017-07-24,支出,飲料,水,-19.0
2017-07-25,支出,晚餐,,-130.0
2017-07-25,支出,午餐,,-100.0
2017-07-25,支出,早餐,,-59.0
2017-07-25,支出,門票,羽球場,-50.0
2017-07-26,支出,晚餐,,-658.0
2017-07-26,支出,午餐,,-95.0
2017-07-26,支出,早餐,,-59.0
2017-07-27,支出,晚餐,,-149.0
2017-07-27,支出,午餐,,-70.0
2017-07-27,支出,飲料,水,-49.0
2017-07-27,支出,早餐,,-18.5
2017-07-28,支出,晚餐,,-140.0
2017-07-28,支出,宵夜,,-30.0
2017-07-28,支出,午餐,,-23.0
2017-07-28,支出,早餐,,-18.5
2017-07-29,支出,日常用品,螢幕架,-399.0
2017-07-29,支出,type107,SSD支架,-189.0
2017-07-29,支出,type107,SATA傳輸線,-119.0
2017-07-29,支出,午餐,,-100.0
2017-07-29,支出,晚餐,,-80.0
2017-07-29,支出,宵夜,,-39.0
2017-07-29,支出,早餐,,-21.0
2017-07-30,支出,午餐,,-100.0
2017-07-30,支出,晚餐,,-98.0
2017-07-30,支出,早餐,,-21.0
2017-07-31,支出,午餐,,-769.0
2017-07-31,支出,晚餐,,-100.0
2017-07-31,支出,早餐,,-14.0
2017-08-01,支出,晚餐,,-100.0
2017-08-01,支出,午餐,,-70.0
2017-08-01,支出,門票,羽球館,-50.0
2017-08-01,支出,早餐,,-14.0
2017-08-01,收入,type200,研究生獎助學金 7月,16000.0
2017-08-02,支出,晚餐,,-109.0
2017-08-02,支出,午餐,,-80.0
2017-08-02,支出,門票,羽球館,-50.0
2017-08-02,支出,早餐,,-44.0
2017-08-03,支出,晚餐,,-129.0
2017-08-03,支出,午餐,,-80.0
2017-08-03,支出,早餐,,-48.5
2017-08-04,支出,交通,高鐵票,-190.0
2017-08-04,支出,午餐,,-80.0
2017-08-04,支出,早餐,,-63.5
2017-08-05,支出,type107,SSD 美光mx300 275G,-2730.0
2017-08-06,支出,交通,高鐵票,-200.0
2017-08-06,支出,飲料,水,-49.0
2017-08-07,支出,晚餐,,-120.0
2017-08-07,支出,午餐,,-70.0
2017-08-07,支出,早餐,,-14.0
2017-08-08,支出,晚餐,,-80.0
2017-08-08,支出,午餐,,-70.0
2017-08-08,支出,早餐,,-44.0
2017-08-09,支出,午餐,,-100.0
2017-08-09,支出,晚餐,,-100.0
2017-08-09,支出,早餐,,-44.0
2017-08-10,支出,晚餐,,-119.0
2017-08-10,支出,午餐,,-70.0
2017-08-10,支出,早餐,,-18.5
2017-08-11,支出,晚餐,,-140.0
2017-08-11,支出,早餐,,-63.5
2017-08-11,支出,宵夜,,-30.0
2017-08-12,支出,午餐,,-100.0
2017-08-12,支出,晚餐,,-69.0
2017-08-12,支出,早餐,,-21.0
2017-08-13,支出,type107,POE,-159.0
2017-08-13,支出,午餐,,-80.0
2017-08-13,支出,早餐,,-21.0
2017-08-14,支出,晚餐,,-80.0
2017-08-14,支出,午餐,,-70.0
2017-08-14,支出,早餐,,-14.0
2017-08-15,支出,午餐,,-120.0
2017-08-15,支出,晚餐,,-80.0
2017-08-15,支出,早餐,,-59.0
2017-08-15,支出,門票,羽球館,-50.0
2017-08-16,支出,晚餐,,-100.0
2017-08-16,支出,午餐,,-75.0
2017-08-16,支出,早餐,,-59.0
2017-08-17,支出,晚餐,,-130.0
2017-08-17,支出,午餐,,-95.0
2017-08-17,支出,門票,羽球館,-50.0
2017-08-17,支出,type107,羽球場,-20.0
2017-08-17,支出,早餐,,-18.5
2017-08-18,支出,交通,高鐵票,-190.0
2017-08-18,支出,午餐,,-85.0
2017-08-18,支出,早餐,,-18.5
2017-08-20,支出,交通,高鐵票,-200.0
2017-08-21,支出,type107,羽毛球拍線,-350.0
2017-08-21,支出,晚餐,,-100.0
2017-08-21,支出,午餐,,-70.0
2017-08-21,支出,飲料,百花蜜青,-50.0
2017-08-21,支出,早餐,,-44.0
2017-08-21,支出,飲料,水,-14.0
2017-08-22,支出,門票,羽球團費,-300.0
2017-08-22,支出,晚餐,,-80.0
2017-08-22,支出,門票,羽球館,-50.0
2017-08-22,支出,飲料,水,-35.0
2017-08-22,支出,早餐,,-14.0
2017-08-23,支出,type107,羽毛拍線,-350.0
2017-08-23,支出,晚餐,,-255.0
2017-08-23,支出,交通,電信悠遊卡,-100.0
2017-08-23,支出,午餐,,-80.0
2017-08-23,支出,飲料,芋頭鮮奶,-65.0
2017-08-23,支出,早餐,,-59.0
2017-08-24,支出,晚餐,,-140.0
2017-08-24,支出,午餐,,-85.0
2017-08-24,支出,早餐,,-18.5
2017-08-25,支出,晚餐,,-180.0
2017-08-25,支出,午餐,,-95.0
2017-08-25,支出,早餐,,-18.5
2017-08-25,支出,宵夜,,-14.0
2017-08-26,支出,午餐,,-50.0
2017-08-26,支出,晚餐,,-50.0
2017-08-26,支出,宵夜,,-30.0
2017-08-26,支出,早餐,,-18.5
2017-08-27,支出,晚餐,,-123.0
2017-08-27,支出,午餐,,-70.0
2017-08-27,支出,早餐,,-18.5
2017-08-28,支出,晚餐,,-130.0
2017-08-28,支出,午餐,,-75.0
2017-08-28,支出,早餐,,-49.0
2017-08-29,支出,午餐,,-100.0
2017-08-29,支出,晚餐,,-80.0
2017-08-29,支出,早餐,,-59.0
2017-08-29,支出,門票,羽球館,-50.0
2017-08-30,支出,晚餐,,-90.0
2017-08-30,支出,午餐,,-85.0
2017-08-30,支出,早餐,,-59.0
2017-08-30,支出,飲料,百花蜜青,-50.0
2017-08-31,支出,晚餐,,-100.0
2017-08-31,支出,午餐,,-90.0
2017-08-31,支出,門票,羽球館,-50.0
2017-08-31,支出,早餐,,-18.5
2017-09-01,支出,交通,高鐵票,-190.0
2017-09-01,支出,午餐,,-95.0
2017-09-01,支出,早餐,,-18.5
2017-09-01,收入,type200,研究生獎助學金 8月,16000.0
2017-09-03,支出,交通,高鐵票,-200.0
2017-09-04,支出,午餐,,-105.0
2017-09-04,支出,晚餐,,-100.0
2017-09-04,支出,早餐,,-59.0
2017-09-04,支出,飲料,水,-50.0
2017-09-05,支出,宵夜,,-80.0
2017-09-05,支出,晚餐,,-50.0
2017-09-05,支出,門票,羽球館,-50.0
2017-09-05,支出,午餐,,-30.0
2017-09-05,支出,早餐,,-14.0
2017-09-06,支出,晚餐,,-130.0
2017-09-06,支出,午餐,,-100.0
2017-09-06,支出,早餐,,-59.0
2017-09-07,支出,門票,體育館年證,-969.0
2017-09-07,支出,午餐,,-110.0
2017-09-07,支出,晚餐,,-100.0
2017-09-07,支出,飲料,冬瓜檸檬,-50.0
2017-09-07,支出,早餐,,-48.5
2017-09-07,支出,門票,羽球場地費,-12.0
2017-09-08,支出,晚餐,,-100.0
2017-09-08,支出,午餐,,-75.0
2017-09-08,支出,宵夜,,-30.0
2017-09-08,支出,早餐,,-18.5
2017-09-09,支出,午餐,,-70.0
2017-09-09,支出,晚餐,,-50.0
2017-09-09,支出,宵夜,,-50.0
2017-09-09,支出,早餐,,-18.5
2017-09-10,支出,晚餐,,-107.0
2017-09-10,支出,午餐,,-75.0
2017-09-10,支出,早餐,,-18.5
2017-09-11,支出,午餐,,-95.0
2017-09-11,支出,晚餐,,-85.0
2017-09-11,支出,飲料,冬瓜檸檬,-50.0
2017-09-11,支出,早餐,,-14.0
2017-09-12,支出,午餐,,-50.0
2017-09-12,支出,宵夜,,-49.0
2017-09-12,支出,早餐,,-14.0
2017-09-13,支出,晚餐,,-130.0
2017-09-13,支出,午餐,,-85.0
2017-09-13,支出,早餐,,-44.0
2017-09-14,支出,午餐,,-104.0
2017-09-14,支出,晚餐,,-100.0
2017-09-14,支出,飲料,牛奶,-79.0
2017-09-14,支出,早餐,,-48.5
2017-09-15,支出,交通,高鐵票,-190.0
2017-09-15,支出,早餐,,-18.5
2017-09-17,支出,交通,高鐵票,-200.0
2017-09-17,支出,交通,電信悠遊卡,-200.0
2017-09-18,支出,午餐,,-100.0
2017-09-18,支出,晚餐,,-100.0
2017-09-18,支出,早餐,,-59.0
2017-09-18,支出,飲料,水,-35.0
2017-09-19,支出,晚餐,,-88.0
2017-09-19,支出,午餐,,-70.0
2017-09-19,支出,宵夜,,-65.0
2017-09-19,支出,早餐,,-14.0
2017-09-20,支出,晚餐,,-100.0
2017-09-20,支出,早餐,,-44.0
2017-09-20,支出,飲料,,-28.0
2017-09-21,支出,type112,豆沙餅,-300.0
2017-09-21,支出,午餐,,-130.0
2017-09-21,支出,晚餐,,-120.0
2017-09-21,支出,早餐,,-56.5
2017-09-22,支出,晚餐,,-451.0
2017-09-22,支出,交通,高鐵票,-190.0
2017-09-22,支出,午餐,,-100.0
2017-09-22,支出,早餐,,-48.5
2017-09-24,支出,交通,高鐵票,-200.0
2017-09-25,支出,晚餐,,-80.0
2017-09-25,支出,午餐,,-70.0
2017-09-25,支出,飲料,蜂蜜紅茶,-35.0
2017-09-25,支出,早餐,,-14.0
2017-09-26,支出,午餐,,-100.0
2017-09-26,支出,晚餐,,-65.0
2017-09-26,支出,宵夜,,-50.0
2017-09-26,支出,早餐,,-14.0
2017-09-27,支出,type107,羽球團費,-1000.0
2017-09-27,支出,晚餐,,-120.0
2017-09-27,支出,午餐,,-90.0
2017-09-27,支出,飲料,冬瓜檸檬,-50.0
2017-09-27,支出,早餐,,-44.0
2017-09-28,支出,午餐,,-95.0
2017-09-28,支出,早餐,,-18.5
2017-09-29,支出,早餐,,-18.5
2017-10-01,支出,交通,高鐵票,-200.0
2017-10-01,支出,午餐,,-90.0
2017-10-01,支出,飲料,英格蘭鮮奶茶,-60.0
2017-10-01,支出,門票,羽球場,-30.0
2017-10-01,收入,type200,研究生獎助學金 9月,16000.0
2017-10-02,支出,type107,chromecast 2,-1445.0
2017-10-02,支出,晚餐,,-105.0
2017-10-02,支出,日常用品,抗菌EX 洗衣精,-81.0
2017-10-02,支出,飲料,水,-55.0
2017-10-03,支出,晚餐,,-100.0
2017-10-03,支出,午餐,,-80.0
2017-10-03,支出,早餐,,-44.0
2017-10-03,支出,宵夜,,-39.0
2017-10-04,支出,晚餐,,-133.0
2017-10-04,支出,午餐,,-55.0
2017-10-04,支出,早餐,,-16.0
2017-10-05,支出,午餐,,-120.0
2017-10-05,支出,晚餐,,-100.0
2017-10-05,支出,宵夜,,-46.0
2017-10-05,支出,早餐,,-44.0
2017-10-05,收入,type201,OK禮券,50.0
2017-10-06,支出,交通,高鐵票,-190.0
2017-10-06,支出,午餐,,-75.0
2017-10-06,支出,交通,公車,-15.0
2017-10-06,支出,早餐,,-14.0
2017-10-10,支出,交通,高鐵票,-200.0
2017-10-11,支出,晚餐,,-130.0
2017-10-11,支出,午餐,,-65.0
2017-10-11,支出,早餐,,-14.0
2017-10-12,支出,晚餐,,-100.0
2017-10-12,支出,午餐,,-75.0
2017-10-12,支出,早餐,,-14.0
2017-10-13,支出,交通,高鐵票,-190.0
2017-10-13,支出,午餐,,-100.0
2017-10-13,支出,早餐,,-14.0
2017-10-16,支出,晚餐,,-100.0
2017-10-16,支出,午餐,,-90.0
2017-10-16,支出,飲料,水,-59.0
2017-10-16,支出,早餐,,-53.0
2017-10-17,支出,午餐,,-90.0
2017-10-17,支出,晚餐,,-60.0
2017-10-17,支出,飲料,樺達 益壽,-55.0
2017-10-17,支出,早餐,,-44.0
2017-10-17,支出,宵夜,,-39.0
2017-10-17,支出,飲料,fin,-10.0
2017-10-18,支出,晚餐,,-119.0
2017-10-18,支出,午餐,,-95.0
2017-10-18,支出,早餐,,-44.0
2017-10-19,支出,晚餐,,-362.0
2017-10-19,支出,午餐,,-75.0
2017-10-19,支出,早餐,,-18.5
2017-10-20,支出,交通,高鐵票,-190.0
2017-10-20,支出,午餐,,-85.0
2017-10-20,支出,早餐,,-18.5
2017-10-22,支出,交通,高鐵票,-200.0
2017-10-23,支出,晚餐,,-120.0
2017-10-23,支出,午餐,,-95.0
2017-10-23,支出,日常用品,垃圾袋,-24.0
2017-10-23,支出,早餐,,-14.0
2017-10-24,支出,晚餐,,-90.0
2017-10-24,支出,飲料,水,-35.0
2017-10-24,支出,早餐,,-14.0
2017-10-25,支出,晚餐,,-100.0
2017-10-25,支出,飲料,鮮奶,-79.0
2017-10-25,支出,午餐,,-70.0
2017-10-25,支出,日常用品,麗奇牙線,-50.0
2017-10-25,支出,早餐,,-44.0
2017-10-26,支出,type107,steam錢包,-300.0
2017-10-26,支出,午餐,,-100.0
2017-10-26,支出,晚餐,,-80.0
2017-10-26,支出,早餐,,-18.5
2017-10-27,支出,晚餐,,-120.0
2017-10-27,支出,午餐,,-95.0
2017-10-27,支出,宵夜,,-20.0
2017-10-27,支出,早餐,,-18.5
2017-10-28,支出,晚餐,,-92.0
2017-10-28,支出,午餐,,-70.0
2017-10-28,支出,宵夜,,-25.0
2017-10-28,支出,早餐,,-18.5
2017-10-29,支出,午餐,,-70.0
2017-10-29,支出,早餐,,-18.5
2017-10-30,支出,晚餐,,-100.0
2017-10-30,支出,午餐,,-95.0
2017-10-30,支出,早餐,,-14.0
2017-10-31,支出,午餐,,-284.0
2017-10-31,支出,早餐,,-44.0
2017-10-31,支出,宵夜,,-39.0
2017-10-31,支出,飲料,fin,-10.0
2017-11-01,支出,晚餐,,-99.0
2017-11-01,支出,午餐,,-55.0
2017-11-01,支出,早餐,,-14.0
2017-11-01,收入,type200,研究生獎助學金 10月,16000.0
2017-11-02,支出,晚餐,,-120.0
2017-11-02,支出,午餐,,-85.0
2017-11-02,支出,日常用品,耳塞,-60.0
2017-11-02,支出,早餐,,-48.5
2017-11-03,支出,type112,鮮乳坊牛奶x3,-360.0
2017-11-03,支出,晚餐,,-100.0
2017-11-03,支出,午餐,,-95.0
2017-11-03,支出,宵夜,,-30.0
2017-11-03,支出,早餐,,-18.5
2017-11-04,支出,午餐,,-70.0
2017-11-04,支出,晚餐,,-69.0
2017-11-04,支出,飲料,水,-59.0
2017-11-04,支出,早餐,,-18.5
2017-11-04,支出,宵夜,,-15.0
2017-11-05,支出,晚餐,,-108.0
2017-11-05,支出,午餐,,-60.0
2017-11-05,支出,早餐,,-18.5
2017-11-06,支出,午餐,,-120.0
2017-11-06,支出,晚餐,,-90.0
2017-11-06,支出,早餐,,-18.5
2017-11-07,支出,午餐,,-100.0
2017-11-07,支出,晚餐,,-70.0
2017-11-07,支出,早餐,,-63.5
2017-11-07,支出,宵夜,,-39.0
2017-11-07,支出,飲料,fin,-10.0
2017-11-08,支出,晚餐,,-100.0
2017-11-08,支出,午餐,,-85.0
2017-11-08,支出,日常用品,牙線,-50.0
2017-11-08,支出,早餐,,-44.0
2017-11-08,支出,飲料,水,-20.0
2017-11-09,支出,晚餐,,-144.0
2017-11-09,支出,午餐,,-130.0
2017-11-09,支出,早餐,,-14.0
2017-11-10,支出,交通,高鐵票,-190.0
2017-11-10,支出,午餐,,-100.0
2017-11-10,支出,早餐,,-14.0
2017-11-11,支出,交通,停車費,-15.0
2017-11-12,支出,交通,高鐵票,-200.0
2017-11-12,支出,交通,電信悠遊卡,-200.0
2017-11-13,支出,晚餐,,-90.0
2017-11-13,支出,午餐,,-80.0
2017-11-13,支出,早餐,,-59.0
2017-11-14,支出,午餐,,-70.0
2017-11-14,支出,晚餐,,-60.0
2017-11-14,支出,早餐,,-44.0
2017-11-14,支出,宵夜,,-39.0
2017-11-14,支出,飲料,fin,-10.0
2017-11-15,支出,午餐,,-130.0
2017-11-15,支出,晚餐,,-90.0
2017-11-15,支出,飲料,水,-59.0
2017-11-15,支出,早餐,,-44.0
2017-11-16,支出,晚餐,,-100.0
2017-11-16,支出,午餐,,-85.0
2017-11-16,支出,早餐,,-48.5
2017-11-17,支出,晚餐,,-120.0
2017-11-17,支出,午餐,,-80.0
2017-11-17,支出,早餐,,-48.5
2017-11-17,支出,宵夜,,-30.0
2017-11-18,支出,晚餐,,-120.0
2017-11-18,支出,午餐,,-80.0
2017-11-18,支出,type114,痘痘貼,-69.0
2017-11-18,支出,宵夜,,-30.0
2017-11-18,支出,早餐,,-18.5
2017-11-19,支出,晚餐,,-85.0
2017-11-19,支出,午餐,,-70.0
2017-11-19,支出,早餐,,-18.5
2017-11-20,支出,晚餐,,-100.0
2017-11-20,支出,午餐,,-95.0
2017-11-20,支出,早餐,,-14.0
2017-11-21,支出,晚餐,,-90.0
2017-11-21,支出,午餐,,-75.0
2017-11-21,支出,宵夜,,-39.0
2017-11-21,支出,早餐,,-14.0
2017-11-21,支出,飲料,,-10.0
2017-11-22,支出,晚餐,,-90.0
2017-11-22,支出,飲料,水,-59.0
2017-11-22,支出,早餐,,-14.0
2017-11-23,支出,type107,steam錢包,-1050.0
2017-11-23,支出,日常用品,麗奇牙線x4,-200.0
2017-11-23,支出,晚餐,,-130.0
2017-11-23,支出,午餐,,-100.0
2017-11-23,支出,早餐,,-48.5
2017-11-23,收入,type204,乃文雨傘賠償,100.0
2017-11-24,支出,晚餐,,-100.0
2017-11-24,支出,午餐,,-95.0
2017-11-24,支出,宵夜,,-30.0
2017-11-24,支出,早餐,,-18.5
2017-11-25,支出,晚餐,,-85.0
2017-11-25,支出,午餐,,-73.0
2017-11-25,支出,宵夜,,-35.0
2017-11-25,支出,飲料,水,-20.0
2017-11-25,支出,早餐,,-18.5
2017-11-26,支出,午餐,,-81.0
2017-11-26,支出,早餐,,-18.5
2017-11-27,支出,晚餐,,-160.0
2017-11-27,支出,早餐,,-60.0
2017-11-27,支出,零食,,-33.0
2017-11-28,支出,晚餐,,-80.0
2017-11-28,支出,飲料,,-10.0
2017-11-29,支出,早餐,,-20.0
2017-11-30,支出,晚餐,,-438.0
2017-11-30,支出,午餐,,-55.0
2017-12-01,支出,交通,高鐵票,-190.0
2017-12-01,支出,午餐,,-118.0
2017-12-01,收入,type200,研究生獎助學金 11月,16000.0
2017-12-03,支出,書,pytorch,-474.0
2017-12-03,支出,晚餐,,-80.0
2017-12-04,支出,晚餐,,-100.0
2017-12-04,支出,午餐,,-95.0
2017-12-04,支出,早餐,,-14.0
2017-12-05,支出,晚餐,,-85.0
2017-12-05,支出,早餐,,-14.0
2017-12-06,支出,晚餐,,-109.0
2017-12-06,支出,午餐,,-100.0
2017-12-06,支出,早餐,,-14.0
2017-12-07,支出,晚餐,,-90.0
2017-12-07,支出,午餐,,-75.0
2017-12-07,支出,飲料,百花蜜青,-50.0
2017-12-07,支出,早餐,,-18.5
2017-12-08,支出,交通,電信悠遊卡,-200.0
2017-12-08,支出,交通,高鐵票,-190.0
2017-12-08,支出,午餐,,-25.0
2017-12-08,支出,早餐,,-18.5
2017-12-10,支出,交通,高鐵票,-200.0
2017-12-11,支出,type107,遊戲人生4DX,-540.0
2017-12-11,支出,晚餐,,-300.0
2017-12-11,支出,午餐,,-85.0
2017-12-11,支出,飲料,,-35.0
2017-12-12,支出,晚餐,,-80.0
2017-12-12,支出,飲料,水,-12.0
2017-12-13,支出,午餐,,-100.0
2017-12-13,支出,晚餐,,-100.0
2017-12-13,支出,早餐,,-48.5
2017-12-13,支出,飲料,水,-12.0
2017-12-14,支出,晚餐,,-100.0
2017-12-14,支出,午餐,,-95.0
2017-12-14,支出,飲料,水,-59.0
2017-12-14,支出,早餐,,-48.5
2017-12-14,支出,零食,巧克力,-16.0
2017-12-15,支出,門票,新海誠展,-250.0
2017-12-15,支出,晚餐,,-119.0
2017-12-15,支出,午餐,,-95.0
2017-12-15,支出,宵夜,,-35.0
2017-12-15,支出,早餐,,-20.0
2017-12-16,支出,type110,SONY RX100M3,-21212.0
2017-12-16,支出,type110,RX100玻璃保護貼,-540.0
2017-12-16,支出,type110,相機包,-490.0
2017-12-16,支出,晚餐,,-127.0
2017-12-16,支出,午餐,,-65.0
2017-12-16,支出,type119,取票,-30.0
2017-12-16,支出,早餐,,-18.5
2017-12-17,支出,type110,RX100座充電池組,-1780.0
2017-12-17,支出,type110,RX100專用握把,-480.0
2017-12-17,支出,午餐,,-57.0
2017-12-17,支出,早餐,,-18.5
2017-12-18,支出,type110,相機背帶,-546.0
2017-12-18,支出,晚餐,,-120.0
2017-12-18,支出,午餐,,-100.0
2017-12-18,支出,早餐,,-63.5
2017-12-19,支出,午餐,,-95.0
2017-12-19,支出,晚餐,,-90.0
2017-12-19,支出,宵夜,,-49.0
2017-12-19,支出,早餐,,-18.5
2017-12-19,支出,飲料,,-10.0
2017-12-20,支出,晚餐,,-90.0
2017-12-20,支出,午餐,,-75.0
2017-12-20,支出,早餐,,-14.0
2017-12-21,支出,晚餐,,-120.0
2017-12-21,支出,午餐,,-80.0
2017-12-21,支出,早餐,,-44.0
2017-12-22,支出,交通,高鐵票,-190.0
2017-12-22,支出,午餐,,-95.0
2017-12-22,支出,早餐,,-14.0
2017-12-23,支出,飲料,,-15.0
2017-12-23,支出,飲料,,-15.0
2017-12-24,支出,交通,高鐵票,-200.0
2017-12-25,支出,晚餐,,-109.0
2017-12-25,支出,午餐,,-75.0
2017-12-25,支出,早餐,,-14.0
2017-12-26,支出,午餐,,-90.0
2017-12-26,支出,晚餐,,-50.0
2017-12-26,支出,早餐,,-14.0
2017-12-27,支出,晚餐,,-100.0
2017-12-27,支出,飲料,水,-20.0
2017-12-28,支出,晚餐,,-100.0
2017-12-28,支出,午餐,,-95.0
2017-12-28,支出,早餐,,-44.0
2017-12-29,支出,交通,高鐵票,-200.0
2017-12-29,支出,午餐,,-95.0
2018-01-01,支出,晚餐,,-646.0
2018-01-01,支出,交通,高鐵票,-160.0
2018-01-01,支出,飲料,冰淇淋紅茶,-50.0
2018-01-01,支出,飲料,水,-35.0
2018-01-01,收入,type200,研究生獎助學金 12月,16000.0
2018-01-02,支出,type107,POE,-452.0
2018-01-02,支出,晚餐,,-90.0
2018-01-03,支出,交通,電信悠遊卡,-200.0
2018-01-03,支出,晚餐,,-120.0
2018-01-03,支出,午餐,,-95.0
2018-01-03,支出,早餐,,-14.0
2018-01-04,支出,午餐,,-100.0
2018-01-04,支出,晚餐,,-100.0
2018-01-04,支出,早餐,,-54.0
2018-01-04,支出,飲料,粉圓紅茶,-35.0
2018-01-05,支出,午餐,,-140.0
2018-01-05,支出,晚餐,,-100.0
2018-01-05,支出,早餐,,-65.0
2018-01-05,支出,飲料,春山茶水 紅茶拿鐵,-55.0
2018-01-05,支出,交通,Uber,-40.0
2018-01-05,支出,宵夜,,-30.0
2018-01-06,支出,午餐,,-71.0
2018-01-06,支出,飲料,水,-59.0
2018-01-06,支出,晚餐,,-30.0
2018-01-06,支出,早餐,,-18.5
2018-01-07,支出,晚餐,,-115.0
2018-01-07,支出,午餐,,-71.0
2018-01-07,支出,早餐,,-18.5
2018-01-08,支出,晚餐,,-109.0
2018-01-08,支出,午餐,,-75.0
2018-01-08,支出,早餐,,-54.0
2018-01-09,支出,午餐,,-95.0
2018-01-09,支出,晚餐,,-70.0
2018-01-09,支出,門票,羽球館,-50.0
2018-01-09,支出,宵夜,,-39.0
2018-01-09,支出,早餐,,-14.0
2018-01-09,支出,飲料,,-10.0
2018-01-10,支出,晚餐,,-109.0
2018-01-10,支出,午餐,,-90.0
2018-01-10,支出,早餐,,-14.0
2018-01-11,支出,晚餐,,-95.0
2018-01-12,支出,晚餐,高鐵票,-190.0
2018-01-12,支出,午餐,,-95.0
2018-01-12,支出,早餐,,-20.0
2018-01-14,支出,交通,,-200.0
2018-01-15,支出,晚餐,,-105.0
2018-01-15,支出,午餐,,-68.0
2018-01-16,支出,晚餐,,-110.0
2018-01-16,支出,午餐,,-90.0
2018-01-16,支出,門票,羽球館,-50.0
2018-01-16,支出,早餐,,-14.0
2018-01-16,支出,飲料,,-10.0
2018-01-17,支出,午餐,,-120.0
2018-01-17,支出,晚餐,,-100.0
2018-01-17,支出,飲料,水,-59.0
2018-01-17,支出,早餐,,-54.0
2018-01-17,支出,飲料,百花蜜青,-50.0
2018-01-18,支出,晚餐,,-115.0
2018-01-18,支出,飲料,水,-20.0
2018-01-19,支出,晚餐,,-90.0
2018-01-19,支出,午餐,,-80.0
2018-01-19,支出,早餐,,-54.0
2018-01-19,支出,宵夜,,-30.0
2018-01-20,支出,type107,steam錢包,-150.0
2018-01-20,支出,晚餐,,-95.0
2018-01-20,支出,午餐,,-68.0
2018-01-20,支出,宵夜,,-25.0
2018-01-20,支出,早餐,,-18.5
2018-01-21,支出,晚餐,,-99.0
2018-01-21,支出,午餐,,-58.0
2018-01-21,支出,早餐,,-18.5
2018-01-22,支出,晚餐,,-100.0
2018-01-22,支出,午餐,,-95.0
2018-01-22,支出,早餐,,-14.0
2018-01-23,支出,type107,羽球團費,-500.0
2018-01-23,支出,晚餐,,-60.0
2018-01-23,支出,門票,羽球館,-50.0
2018-01-23,支出,宵夜,,-50.0
2018-01-23,支出,早餐,,-14.0
2018-01-23,支出,飲料,,-10.0
2018-01-24,支出,午餐,,-100.0
2018-01-24,支出,晚餐,,-100.0
2018-01-24,支出,早餐,,-54.0
2018-01-25,支出,晚餐,,-100.0
2018-01-25,支出,午餐,,-75.0
2018-01-25,支出,早餐,,-39.0
2018-01-26,支出,交通,高鐵票,-190.0
2018-01-26,支出,午餐,,-120.0
2018-01-26,支出,早餐,,-60.0
2018-01-27,支出,type109,lativ外套,-590.0
2018-01-28,支出,交通,高鐵票,-200.0
2018-01-28,支出,宵夜,,-80.0
2018-01-29,支出,午餐,,-100.0
2018-01-29,支出,晚餐,,-95.0
2018-01-29,支出,飲料,芋頭鮮奶,-65.0
2018-01-29,支出,早餐,,-14.0
2018-01-30,支出,type109,lativ外套,-590.0
2018-01-30,支出,晚餐,,-75.0
2018-01-30,支出,午餐,,-73.0
2018-01-30,支出,早餐,,-54.0
2018-01-30,支出,門票,羽球館,-50.0
2018-01-30,支出,飲料,,-10.0
2018-01-31,支出,晚餐,,-100.0
2018-01-31,支出,午餐,,-95.0
2018-01-31,支出,飲料,水,-35.0
2018-01-31,支出,早餐,,-14.0
2018-02-01,支出,type119,備用鑰匙,-200.0
2018-02-01,支出,晚餐,,-130.0
2018-02-01,支出,午餐,,-120.0
2018-02-01,支出,早餐,,-60.0
2018-02-01,支出,飲料,樺達,-55.0
2018-02-01,收入,type200,研究生獎助學金 1月,10000.0
2018-02-02,支出,晚餐,,-100.0
2018-02-02,支出,宵夜,,-30.0
2018-02-02,支出,早餐,,-20.0
2018-02-02,支出,type107,射飛鏢,-20.0
2018-02-03,支出,晚餐,,-115.0
2018-02-03,支出,午餐,,-88.0
2018-02-03,支出,宵夜,,-40.0
2018-02-03,支出,早餐,,-21.0
2018-02-03,支出,飲料,水,-20.0
2018-02-04,支出,晚餐,,-124.0
2018-02-04,支出,午餐,,-100.0
2018-02-04,支出,早餐,,-21.0
2018-02-05,支出,晚餐,,-100.0
2018-02-05,支出,午餐,,-85.0
2018-02-05,支出,宵夜,,-80.0
2018-02-05,支出,早餐,,-54.0
2018-02-06,支出,晚餐,,-115.0
2018-02-06,支出,午餐,,-95.0
2018-02-06,支出,早餐,,-14.0
2018-02-07,支出,晚餐,,-109.0
2018-02-07,支出,午餐,,-60.0
2018-02-07,支出,早餐,,-14.0
2018-02-08,支出,type107,住宿費,-800.0
2018-02-08,支出,type107,泡湯,-160.0
2018-02-08,支出,宵夜,,-115.0
2018-02-08,支出,午餐,,-95.0
2018-02-08,支出,午餐,食材,-85.0
2018-02-08,支出,零食,包心粉圓,-60.0
2018-02-08,支出,宵夜,,-50.0
2018-02-08,支出,早餐,,-35.0
2018-02-08,支出,飲料,,-25.0
2018-02-08,支出,交通,停車費,-20.0
2018-02-09,支出,午餐,,-500.0
2018-02-09,支出,交通,高鐵票,-190.0
2018-02-09,支出,type110,奶凍捲,-160.0
2018-02-09,支出,零食,冰,-45.0
2018-02-09,支出,零食,花生捲冰淇淋,-40.0
2018-02-09,支出,零食,蔥油餅,-35.0
2018-02-09,支出,飲料,水,-21.0
2018-02-11,支出,交通,交通費,-200.0
2018-02-11,支出,交通,電信悠遊卡,-200.0
2018-02-11,支出,晚餐,,-85.0
2018-02-11,支出,飲料,水,-59.0
2018-02-12,支出,晚餐,,-115.0
2018-02-13,支出,午餐,,-100.0
2018-02-13,支出,晚餐,,-100.0
2018-02-13,支出,門票,羽球館,-50.0
2018-02-13,支出,宵夜,,-45.0
2018-02-13,支出,早餐,,-20.0
2018-02-13,支出,飲料,,-10.0
2018-02-14,支出,午餐,,-67.0
2018-02-15,支出,type107,LOL,-750.0
2018-02-22,支出,晚餐,,-100.0
2018-02-22,支出,午餐,,-95.0
2018-02-22,支出,早餐,,-20.0
2018-02-23,支出,晚餐,,-90.0
2018-02-23,支出,宵夜,,-30.0
2018-02-23,支出,早餐,,-20.0
2018-02-24,支出,晚餐,,-105.0
2018-02-24,支出,午餐,,-65.0
2018-02-24,支出,宵夜,,-25.0
2018-02-24,支出,早餐,,-20.0
2018-02-25,支出,午餐,,-80.0
2018-02-25,支出,早餐,,-20.0
2018-02-26,支出,午餐,,-120.0
2018-02-26,支出,晚餐,,-100.0
2018-02-26,支出,早餐,,-59.0
2018-02-26,支出,飲料,水,-59.0
2018-02-27,支出,午餐,,-95.0
2018-02-27,支出,宵夜,,-70.0
2018-02-27,支出,門票,羽球館,-50.0
2018-02-27,支出,早餐,,-14.0
2018-02-27,支出,飲料,,-10.0
2018-02-28,支出,晚餐,,-582.0
2018-02-28,支出,type110,穿線 BG-85,-350.0
2018-02-28,支出,type110,羽球鞋墊,-250.0
2018-02-28,支出,午餐,,-72.0
2018-02-28,支出,早餐,,-20.0
2018-03-01,支出,晚餐,,-100.0
2018-03-01,支出,午餐,,-80.0
2018-03-01,支出,飲料,芋頭鮮奶,-50.0
2018-03-01,支出,早餐,,-14.0
2018-03-01,收入,type200,研究生獎助學金 2月,10000.0
2018-03-02,支出,晚餐,,-120.0
2018-03-02,支出,午餐,,-88.0
2018-03-02,支出,宵夜,,-30.0
2018-03-02,支出,早餐,,-20.0
2018-03-03,支出,晚餐,,-90.0
2018-03-03,支出,午餐,,-75.0
2018-03-03,支出,宵夜,,-30.0
2018-03-03,支出,飲料,水,-20.0
2018-03-03,支出,早餐,,-18.5
2018-03-04,支出,午餐,,-90.0
2018-03-04,支出,早餐,,-18.5
2018-03-05,支出,晚餐,,-100.0
2018-03-05,支出,午餐,,-95.0
2018-03-05,支出,飲料,水,-35.0
2018-03-05,支出,早餐,,-14.0
2018-03-06,支出,晚餐,,-115.0
2018-03-07,支出,午餐,,-90.0
2018-03-07,支出,晚餐,,-90.0
2018-03-07,支出,飲料,粉圓紅茶,-35.0
2018-03-07,支出,早餐,,-14.0
2018-03-08,支出,type107,POE,-297.0
2018-03-08,支出,午餐,,-140.0
2018-03-08,支出,晚餐,,-110.0
2018-03-08,支出,日常用品,垃圾袋,-24.0
2018-03-08,支出,早餐,,-14.0
2018-03-09,支出,交通,高鐵票,-190.0
2018-03-09,支出,午餐,,-45.0
2018-03-11,支出,交通,高鐵票,-200.0
2018-03-11,支出,晚餐,,-50.0
2018-03-12,支出,晚餐,,-90.0
2018-03-12,支出,午餐,,-55.0
2018-03-13,支出,晚餐,,-169.0
2018-03-13,支出,日常用品,牙膏,-49.0
2018-03-13,支出,飲料,水,-35.0
2018-03-13,支出,午餐,,-25.0
2018-03-14,支出,晚餐,,-115.0
2018-03-15,支出,晚餐,,-109.0
2018-03-15,支出,午餐,,-95.0
2018-03-15,支出,早餐,,-18.5
2018-03-16,支出,晚餐,,-75.0
2018-03-16,支出,宵夜,,-40.0
2018-03-16,支出,早餐,,-18.5
2018-03-17,支出,午餐,,-95.0
2018-03-17,支出,宵夜,,-94.0
2018-03-17,支出,早餐,,-18.5
2018-03-18,支出,晚餐,,-90.0
2018-03-18,支出,午餐,,-35.0
2018-03-18,支出,早餐,,-18.5
2018-03-19,支出,飲料,瑞穗極製,-93.0
2018-03-19,支出,午餐,,-80.0
2018-03-19,支出,早餐,,-54.0
2018-03-19,支出,飲料,水,-35.0
2018-03-20,支出,晚餐,,-100.0
2018-03-20,支出,早餐,,-14.0
2018-03-21,支出,午餐,,-100.0
2018-03-21,支出,晚餐,,-90.0
2018-03-21,支出,早餐,,-14.0
2018-03-22,支出,午餐,,-90.0
2018-03-22,支出,早餐,,-18.5
2018-03-23,支出,交通,高鐵票,-190.0
2018-03-25,支出,交通,高鐵票,-200.0
2018-03-25,支出,交通,電信悠遊卡,-200.0
2018-03-25,支出,晚餐,,-68.0
2018-03-26,支出,午餐,,-100.0
2018-03-26,支出,晚餐,,-100.0
2018-03-26,支出,早餐,,-58.5
2018-03-26,支出,飲料,粉圓紅茶,-35.0
2018-03-27,支出,午餐,,-95.0
2018-03-27,支出,晚餐,,-60.0
2018-03-27,支出,門票,羽球館,-50.0
2018-03-27,支出,早餐,,-14.0
2018-03-27,支出,飲料,,-10.0
2018-03-28,支出,交通,計程車,-195.0
2018-03-28,支出,午餐,,-160.0
2018-03-28,支出,晚餐,,-133.0
2018-03-28,支出,早餐,,-48.0
2018-03-28,支出,飲料,碳培烏龍奶,-40.0
2018-03-28,支出,飲料,水,-20.0
2018-03-29,支出,晚餐,,-75.0
2018-03-29,支出,早餐,,-14.0
2018-03-30,支出,晚餐,,-100.0
2018-03-30,支出,午餐,,-70.0
2018-03-30,支出,早餐,,-14.0
2018-03-31,支出,type107,x11i 耳機,-1500.0
2018-03-31,支出,晚餐,,-735.0
2018-03-31,支出,午餐,,-95.0
2018-03-31,支出,type119,成績單,-30.0
2018-03-31,支出,早餐,,-20.0
2018-04-01,支出,午餐,,-50.0
2018-04-01,支出,早餐,,-18.5
2018-04-01,收入,type200,研究生獎助學金 3月,10000.0
2018-04-02,支出,午餐,,-200.0
2018-04-02,支出,晚餐,,-100.0
2018-04-02,支出,飲料,百花蜜青,-50.0
2018-04-02,支出,早餐,,-43.5
2018-04-03,支出,午餐,,-95.0
2018-04-03,支出,晚餐,,-85.0
2018-04-03,支出,門票,羽球館,-50.0
2018-04-03,支出,宵夜,,-25.0
2018-04-03,支出,早餐,,-18.5
2018-04-03,支出,飲料,,-10.0
2018-04-04,支出,晚餐,,-180.0
2018-04-04,支出,午餐,,-60.0
2018-04-04,支出,宵夜,,-35.0
2018-04-04,支出,飲料,水,-35.0
2018-04-04,支出,早餐,,-18.5
2018-04-05,支出,晚餐,,-85.0
2018-04-05,支出,午餐,,-60.0
2018-04-05,支出,早餐,,-18.5
2018-04-05,收入,type204,7-11購物金,5.0
2018-04-06,支出,交通,電信悠遊卡,-200.0
2018-04-06,支出,交通,高鐵票,-190.0
2018-04-06,支出,午餐,,-60.0
2018-04-06,支出,早餐,,-18.5
2018-04-08,支出,交通,高鐵票,-200.0
2018-04-09,支出,晚餐,,-90.0
2018-04-09,支出,午餐,,-85.0
2018-04-09,支出,早餐,,-55.0
2018-04-09,支出,飲料,水,-35.0
2018-04-10,支出,飲料,芋頭鮮奶大杯+購物袋,-86.0
2018-04-10,支出,午餐,,-80.0
2018-04-10,支出,晚餐,,-80.0
2018-04-10,支出,門票,羽球館,-50.0
2018-04-10,支出,早餐,,-38.0
2018-04-10,支出,飲料,,-10.0
2018-04-11,支出,交通,電信悠遊卡,-200.0
2018-04-11,支出,晚餐,,-100.0
2018-04-11,支出,午餐,,-95.0
2018-04-11,支出,早餐,,-14.0
2018-04-12,支出,晚餐,,-100.0
2018-04-12,支出,午餐,,-75.0
2018-04-12,支出,早餐,,-14.0
2018-04-13,支出,午餐,,-180.0
2018-04-13,支出,晚餐,,-100.0
2018-04-13,支出,飲料,金萱珍珠鮮奶茶,-49.0
2018-04-14,支出,晚餐,,-130.0
2018-04-14,支出,午餐,,-60.0
2018-04-14,支出,早餐,,-18.5
2018-04-15,支出,午餐,,-75.0
2018-04-15,支出,晚餐,,-72.0
2018-04-15,支出,飲料,水,-35.0
2018-04-15,支出,早餐,,-18.5
2018-04-16,支出,晚餐,,-290.0
2018-04-16,支出,午餐,,-270.0
2018-04-16,支出,早餐,,-55.0
2018-04-16,支出,日常用品,立可帶,-32.0
2018-04-17,支出,午餐,,-100.0
2018-04-17,支出,晚餐,,-85.0
2018-04-17,支出,早餐,,-54.0
2018-04-17,支出,門票,羽球館,-50.0
2018-04-17,支出,飲料,,-10.0
2018-04-18,支出,午餐,,-95.0
2018-04-18,支出,飲料,芋頭鮮奶,-66.0
2018-04-18,支出,早餐,,-42.0
2018-04-18,支出,零食,雞蛋糕,-20.0
2018-04-19,支出,交通,虎航機票 大阪到桃園,-3376.0
2018-04-19,支出,交通,虎航機票 桃園到大阪,-3141.0
2018-04-19,支出,交通,電信悠遊卡,-200.0
2018-04-19,支出,晚餐,,-109.0
2018-04-19,支出,午餐,,-85.0
2018-04-19,支出,早餐,,-54.0
2018-04-19,支出,飲料,水,-20.0
2018-04-19,收入,type204,7-11購物金,5.0
2018-04-20,支出,交通,高鐵票,-190.0
2018-04-20,支出,午餐,,-95.0
2018-04-20,支出,早餐,,-20.0
2018-04-21,支出,零食,炸薯條,-40.0
2018-04-22,支出,晚餐,,-123.0
2018-04-23,支出,晚餐,,-109.0
2018-04-23,支出,午餐,,-75.0
2018-04-23,支出,早餐,,-14.0
2018-04-24,支出,type107,羽球團費,-1000.0
2018-04-24,支出,type119,辦護照,-900.0
2018-04-24,支出,type119,證件照,-120.0
2018-04-24,支出,午餐,,-95.0
2018-04-24,支出,type119,代送護照,-92.0
2018-04-24,支出,晚餐,,-80.0
2018-04-24,支出,門票,羽球館,-50.0
2018-04-24,支出,宵夜,,-23.0
2018-04-24,支出,早餐,,-14.0
2018-04-24,支出,飲料,,-10.0
2018-04-25,支出,晚餐,,-185.0
2018-04-25,支出,午餐,,-160.0
2018-04-25,支出,飲料,珍珠紅茶拿鐵,-60.0
2018-04-25,支出,早餐,,-48.0
2018-04-26,支出,交通,電信悠遊卡,-200.0
2018-04-26,支出,晚餐,,-119.0
2018-04-26,支出,午餐,,-100.0
2018-04-26,支出,飲料,黑糖珍珠鮮奶,-71.0
2018-04-26,支出,早餐,,-20.0
2018-04-26,收入,type204,7-11購物金,5.0
2018-04-27,支出,晚餐,,-90.0
2018-04-27,支出,飲料,水,-35.0
2018-04-27,支出,午餐,,-30.0
2018-04-27,支出,宵夜,,-25.0
2018-04-27,支出,早餐,,-14.0
2018-04-28,支出,type110,RAM：美光 DDR4 2666 8G*2,-4999.0
2018-04-28,支出,type110,主機板：ASUS B360-F Gaming,-3890.0
2018-04-28,支出,type110,Case：海盜船 275R 白色,-2390.0
2018-04-28,支出,type110,Power：Antec NE550G 金牌,-2190.0
2018-04-28,支出,type110,HDD：Seagate 2TB 新梭魚,-1990.0
2018-04-28,支出,type110,塔散：快睿 H7,-950.0
2018-04-28,支出,type110,鍵盤：i-Rocks IRK01,-599.0
2018-04-28,支出,日常用品,海倫仙度絲 薄荷舒爽,-239.0
2018-04-28,支出,日常用品,洗衣袋*6,-198.0
2018-04-28,支出,午餐,,-189.0
2018-04-28,支出,type108,請客,-189.0
2018-04-28,支出,晚餐,,-109.0
2018-04-28,支出,type108,宇治抹茶珍珠,-85.0
2018-04-28,支出,飲料,黑糖珍珠鮮奶,-70.0
2018-04-28,支出,早餐,,-63.5
2018-04-29,支出,晚餐,,-121.0
2018-04-29,支出,午餐,,-85.0
2018-04-29,支出,早餐,,-18.5
2018-04-30,支出,午餐,,-180.0
2018-04-30,支出,晚餐,,-121.0
2018-05-01,支出,type110,CPU：Intel Core i7 8700,-4900.0
2018-05-01,支出,午餐,,-95.0
2018-05-01,支出,晚餐,,-70.0
2018-05-01,支出,宵夜,,-25.0
2018-05-01,支出,早餐,,-20.0
2018-05-01,收入,type200,研究生獎助學金 4月,10000.0
2018-05-02,支出,晚餐,,-137.0
2018-05-02,支出,宵夜,,-40.0
2018-05-02,支出,午餐,,-25.0
2018-05-02,支出,早餐,,-14.0
2018-05-03,支出,晚餐,,-90.0
2018-05-03,支出,午餐,,-75.0
2018-05-03,支出,交通,電信悠遊卡,-70.0
2018-05-03,支出,飲料,黑糖珍珠鮮奶,-70.0
2018-05-03,支出,飲料,水,-35.0
2018-05-03,支出,早餐,,-14.0
2018-05-04,支出,交通,高鐵票,-190.0
2018-05-04,支出,午餐,,-130.0
2018-05-04,支出,飲料,琥珀拿鐵,-55.0
2018-05-04,支出,早餐,,-14.0
2018-05-06,支出,交通,高鐵票,-200.0
2018-05-06,支出,交通,電信悠遊卡,-200.0
2018-05-07,支出,晚餐,,-131.0
2018-05-07,支出,早餐,,-55.0
2018-05-08,支出,宵夜,,-85.0
2018-05-08,支出,午餐,,-70.0
2018-05-08,支出,門票,羽球館,-50.0
2018-05-08,支出,飲料,,-10.0
2018-05-09,支出,晚餐,,-140.0
2018-05-09,支出,飲料,水,-35.0
2018-05-09,支出,午餐,,-25.0
2018-05-09,支出,早餐,,-14.0
2018-05-10,支出,早餐,,-110.0
2018-05-10,支出,晚餐,,-110.0
2018-05-10,支出,type119,解約金,-55.0
2018-05-10,支出,飲料,椰果紅茶,-40.0
2018-05-10,支出,飲料,水,-20.0
2018-05-11,支出,午餐,,-430.0
2018-05-11,支出,晚餐,,-60.0
2018-05-11,支出,飲料,甘蔗青茶,-55.0
2018-05-12,支出,晚餐,,-90.0
2018-05-12,支出,午餐,,-68.0
2018-05-12,支出,早餐,,-18.5
2018-05-13,支出,交通,高鐵票,-200.0
2018-05-13,支出,交通,電信悠遊卡,-200.0
2018-05-13,支出,晚餐,,-170.0
2018-05-13,支出,午餐,,-88.0
2018-05-13,支出,早餐,,-18.5
2018-05-14,支出,晚餐,,-220.0
2018-05-14,支出,午餐,,-130.0
2018-05-14,支出,飲料,水,-35.0
2018-05-14,支出,早餐,,-20.0
2018-05-15,支出,午餐,,-95.0
2018-05-15,支出,宵夜,觀音拿鐵,-54.0
2018-05-15,支出,早餐,,-14.0
2018-05-16,支出,晚餐,,-155.0
2018-05-16,支出,午餐,,-140.0
2018-05-16,支出,飲料,椰果紅茶,-40.0
2018-05-16,支出,早餐,,-14.0
2018-05-17,支出,晚餐,,-100.0
2018-05-17,支出,午餐,,-80.0
2018-05-17,支出,早餐,,-53.5
2018-05-17,支出,飲料,椰果紅茶,-40.0
2018-05-18,支出,午餐,,-130.0
2018-05-18,支出,飲料,紅茶拿鐵,-60.0
2018-05-18,支出,晚餐,,-60.0
2018-05-18,支出,宵夜,,-33.0
2018-05-18,支出,早餐,,-18.5
2018-05-19,支出,晚餐,,-90.0
2018-05-19,支出,午餐,,-70.0
2018-05-19,支出,宵夜,,-38.0
2018-05-19,支出,早餐,,-18.5
2018-05-20,支出,午餐,,-137.0
2018-05-20,支出,晚餐,,-94.0
2018-05-20,支出,早餐,,-53.5
2018-05-21,支出,交通,電信悠遊卡,-200.0
2018-05-21,支出,午餐,,-100.0
2018-05-21,支出,晚餐,,-100.0
2018-05-21,支出,飲料,珍珠鮮奶,-70.0
2018-05-21,支出,早餐,,-55.0
2018-05-22,支出,午餐,,-95.0
2018-05-22,支出,晚餐,,-70.0
2018-05-22,支出,飲料,可可亞鮮奶,-60.0
2018-05-22,支出,早餐,,-59.0
2018-05-23,支出,晚餐,,-297.0
2018-05-23,支出,早餐,,-74.0
2018-05-23,支出,午餐,,-60.0
2018-05-24,支出,晚餐,,-100.0
2018-05-24,支出,早餐,,-88.0
2018-05-24,支出,午餐,,-80.0
2018-05-24,支出,飲料,抹茶拿鐵,-50.0
2018-05-24,支出,飲料,水,-33.0
2018-05-25,支出,午餐,,-80.0
2018-05-25,支出,早餐,,-65.0
2018-05-25,支出,飲料,黃金烏龍拿鐵,-60.0
2018-05-27,支出,交通,高鐵票,-200.0
2018-05-28,支出,晚餐,,-111.0
2018-05-28,支出,午餐,,-65.0
2018-05-28,支出,早餐,,-55.0
2018-05-28,支出,飲料,水,-15.0
2018-05-29,支出,午餐,,-110.0
2018-05-29,支出,晚餐,,-95.0
2018-05-29,支出,早餐,,-59.0
2018-05-29,支出,飲料,水,-35.0
2018-05-30,支出,晚餐,,-100.0
2018-05-30,支出,午餐,,-85.0
2018-05-30,支出,飲料,可可亞鮮奶,-50.0
2018-05-30,支出,早餐,,-14.0
2018-05-31,支出,晚餐,,-154.0
2018-05-31,支出,午餐,,-100.0
2018-05-31,支出,飲料,百花蜜青,-50.0
2018-05-31,支出,早餐,,-36.0
2018-06-01,支出,type109,lativ,-1268.0
2018-06-01,支出,晚餐,,-140.0
2018-06-01,支出,午餐,,-80.0
2018-06-01,支出,早餐,,-65.0
2018-06-01,收入,type200,研究生獎助學金 5月,10000.0
2018-06-02,支出,晚餐,,-105.0
2018-06-02,支出,午餐,,-60.0
2018-06-02,支出,宵夜,,-39.0
2018-06-02,支出,日常用品,打火機,-25.0
2018-06-02,支出,早餐,,-18.5
2018-06-03,支出,晚餐,,-120.0
2018-06-03,支出,午餐,,-67.0
2018-06-03,支出,飲料,伯爵紅茶拿鐵,-55.0
2018-06-03,支出,早餐,,-18.5
2018-06-04,支出,晚餐,,-202.0
2018-06-04,支出,交通,電信悠遊卡,-200.0
2018-06-04,支出,午餐,,-150.0
2018-06-04,支出,飲料,星冰樂,-95.0
2018-06-04,支出,早餐,,-55.0
2018-06-05,支出,晚餐,,-75.0
2018-06-05,支出,飲料,百花蜜青,-50.0
2018-06-05,支出,飲料,水,-20.0
2018-06-05,支出,早餐,,-14.0
2018-06-05,收入,type204,7-11購物金,5.0
2018-06-06,支出,午餐,,-100.0
2018-06-06,支出,晚餐,,-95.0
2018-06-06,支出,宵夜,,-80.0
2018-06-06,支出,早餐,,-52.0
2018-06-06,支出,飲料,冬瓜檸檬,-50.0
2018-06-07,支出,type107,唱歌,-465.0
2018-06-07,支出,午餐,,-60.0
2018-06-07,支出,晚餐,,-60.0
2018-06-07,支出,飲料,椰果紅茶,-40.0
2018-06-07,支出,早餐,,-14.0
2018-06-08,支出,交通,高鐵票,-190.0
2018-06-08,支出,午餐,,-55.0
2018-06-08,支出,飲料,水,-28.0
2018-06-09,支出,晚餐,,-110.0
2018-06-09,支出,飲料,冬瓜檸檬,-50.0
2018-06-10,支出,晚餐,,-73.0
2018-06-10,支出,午餐,,-65.0
2018-06-10,支出,早餐,,-18.5
2018-06-11,支出,午餐,,-180.0
2018-06-11,支出,晚餐,,-150.0
2018-06-11,支出,早餐,,-53.5
2018-06-12,支出,晚餐,,-109.0
2018-06-12,支出,午餐,,-100.0
2018-06-12,支出,飲料,冬瓜檸檬,-50.0
2018-06-12,支出,早餐,,-49.0
2018-06-13,支出,午餐,,-210.0
2018-06-13,支出,晚餐,,-100.0
2018-06-13,支出,早餐,,-52.0
2018-06-13,支出,飲料,椰果紅茶,-40.0
2018-06-14,支出,晚餐,,-110.0
2018-06-14,支出,飲料,觀音拿鐵,-59.0
2018-06-14,支出,早餐,,-56.0
2018-06-15,支出,type107,steam儲值,-450.0
2018-06-15,支出,午餐,,-120.0
2018-06-15,支出,晚餐,,-100.0
2018-06-15,支出,飲料,紅茶拿鐵,-55.0
2018-06-15,支出,早餐,,-39.0
2018-06-16,支出,晚餐,,-160.0
2018-06-16,支出,午餐,,-95.0
2018-06-16,支出,早餐,,-14.0
2018-06-17,支出,晚餐,,-120.0
2018-06-17,支出,早餐,,-90.0
2018-06-18,支出,晚餐,,-102.0
2018-06-18,支出,飲料,水,-35.0
2018-06-19,支出,晚餐,,-100.0
2018-06-19,支出,午餐,,-95.0
2018-06-19,支出,早餐,,-56.0
2018-06-20,支出,午餐,,-185.0
2018-06-20,支出,晚餐,,-168.0
2018-06-20,支出,飲料,熟成歐蕾,-51.0
2018-06-20,支出,早餐,,-41.0
2018-06-21,支出,晚餐,,-100.0
2018-06-21,支出,午餐,,-90.0
2018-06-22,支出,午餐,,-155.0
2018-06-22,支出,交通,高鐵票,-125.0
2018-06-22,支出,早餐,,-52.0
2018-06-23,支出,交通,高鐵票,-200.0
2018-06-24,支出,晚餐,,-135.0
2018-06-24,支出,午餐,,-55.0
2018-06-24,支出,早餐,,-14.0
2018-06-25,支出,書,光榮城市,-488.0
2018-06-25,支出,書,白色的力量2 - 改變成真：柯文哲的城市進化論,-270.0
2018-06-25,支出,午餐,,-95.0
2018-06-25,支出,晚餐,,-90.0
2018-06-25,支出,飲料,經典可可,-45.0
2018-06-25,支出,早餐,,-14.0
2018-06-26,支出,晚餐,,-120.0
2018-06-26,支出,早餐,,-14.0
2018-06-27,支出,晚餐,,-100.0
2018-06-27,支出,午餐,,-95.0
2018-06-27,支出,飲料,蜂蜜綠茶,-50.0
2018-06-27,支出,早餐,,-14.0
2018-06-28,支出,晚餐,,-130.0
2018-06-28,支出,午餐,,-100.0
2018-06-28,支出,飲料,蜂蜜綠茶,-50.0
2018-06-28,支出,早餐,,-49.0
2018-06-29,支出,晚餐,,-100.0
2018-06-29,支出,早餐,,-59.0
2018-06-29,支出,飲料,青檸香茶,-50.0
2018-06-30,支出,type107,steam錢包,-150.0
2018-06-30,支出,晚餐,,-115.0
2018-06-30,支出,早餐,,-14.0
2018-07-01,支出,晚餐,,-150.0
2018-07-01,支出,早餐,,-14.0
2018-07-01,收入,type200,研究生獎助學金 6月,10000.0
2018-07-02,支出,交通,,-200.0
2018-07-02,支出,交通,電信悠遊卡,-200.0
2018-07-02,支出,交通,高鐵票,-190.0
2018-07-02,支出,晚餐,,-75.0
2018-07-02,支出,午餐,,-60.0
2018-07-02,支出,早餐,,-15.0
2018-07-02,支出,type119,傳真,-15.0
2018-07-03,支出,晚餐,,-100.0
2018-07-03,支出,午餐,,-75.0
2018-07-03,支出,早餐,,-14.0
2018-07-04,支出,宵夜,,-129.0
2018-07-04,支出,飲料,水,-20.0
2018-07-05,支出,晚餐,,-165.0
2018-07-05,支出,午餐,,-90.0
2018-07-05,支出,飲料,紅茶拿鐵,-60.0
2018-07-05,支出,早餐,,-59.0
2018-07-05,支出,飲料,香橙冰茶,-55.0
2018-07-06,支出,交通,高鐵票,-190.0
2018-07-06,支出,午餐,,-95.0
2018-07-06,支出,早餐,,-14.0
2018-07-07,支出,type107,steam錢包,-300.0
2018-07-07,支出,晚餐,,-99.0
2018-07-08,支出,晚餐,,-149.0
2018-07-08,支出,午餐,,-103.0
2018-07-08,支出,早餐,,-14.0
2018-07-09,支出,午餐,,-319.0
2018-07-09,支出,晚餐,,-100.0
2018-07-09,支出,早餐,,-59.0
2018-07-09,支出,飲料,九如檸檬青,-50.0
2018-07-10,支出,晚餐,,-140.0
2018-07-10,支出,午餐,,-115.0
2018-07-10,支出,飲料,青檸蜜茶,-55.0
2018-07-10,支出,早餐,,-14.0
2018-07-11,支出,晚餐,,-100.0
2018-07-11,支出,午餐,,-90.0
2018-07-11,支出,早餐,,-51.0
2018-07-11,支出,飲料,椰果錫蘭紅茶,-45.0
2018-07-12,支出,午餐,,-145.0
2018-07-12,支出,晚餐,,-120.0
2018-07-12,支出,交通,豪泰,-110.0
2018-07-12,支出,交通,豪泰,-110.0
2018-07-12,支出,飲料,黑糖珍珠鮮奶,-70.0
2018-07-12,支出,早餐,,-50.0
2018-07-13,支出,晚餐,,-119.0
2018-07-13,支出,宵夜,,-30.0
2018-07-13,支出,早餐,,-15.0
2018-07-14,支出,type115,,-499.0
2018-07-14,支出,晚餐,,-140.0
2018-07-14,支出,午餐,,-70.0
2018-07-14,支出,早餐,,-18.5
2018-07-15,支出,晚餐,,-174.0
2018-07-15,支出,午餐,,-65.0
2018-07-15,支出,早餐,,-18.5
2018-07-16,支出,書,論文x3,-583.0
2018-07-16,支出,晚餐,,-100.0
2018-07-16,支出,早餐,,-79.0
2018-07-16,支出,午餐,,-56.0
2018-07-17,支出,type112,口試貢品,-945.0
2018-07-17,支出,晚餐,,-440.0
2018-07-17,支出,交通,電信悠遊卡,-200.0
2018-07-17,支出,午餐,,-95.0
2018-07-17,支出,飲料,水x3,-60.0
2018-07-17,支出,早餐,,-14.0
2018-07-18,支出,晚餐,,-100.0
2018-07-18,支出,午餐,,-35.0
2018-07-18,支出,早餐,,-14.0
2018-07-19,支出,晚餐,,-180.0
2018-07-19,支出,早餐,,-80.0
2018-07-19,支出,飲料,椰果紅茶,-40.0
2018-07-20,支出,交通,高鐵票,-125.0
2018-07-20,支出,交通,豪泰,-110.0
2018-07-20,支出,午餐,,-52.0
2018-07-20,支出,午餐,,-45.0
2018-07-22,支出,交通,高鐵票,-200.0
2018-07-22,支出,交通,備用悠遊卡,-100.0
2018-07-23,支出,晚餐,,-100.0
2018-07-23,支出,午餐,,-95.0
2018-07-23,支出,飲料,水,-35.0
2018-07-23,支出,早餐,,-14.0
2018-07-24,支出,午餐,,-120.0
2018-07-24,支出,門票,羽球館,-50.0
2018-07-24,支出,飲料,椰果紅茶,-40.0
2018-07-24,支出,宵夜,,-40.0
2018-07-24,支出,早餐,,-14.0
2018-07-25,支出,晚餐,,-225.0
2018-07-25,支出,宵夜,,-80.0
2018-07-25,支出,午餐,,-75.0
2018-07-25,支出,早餐,,-14.0
2018-07-26,支出,晚餐,,-80.0
2018-07-26,支出,午餐,,-67.0
2018-07-26,支出,宵夜,,-35.0
2018-07-26,支出,早餐,,-18.5
2018-07-27,支出,晚餐,,-100.0
2018-07-27,支出,午餐,,-75.0
2018-07-27,支出,宵夜,,-38.0
2018-07-27,支出,早餐,,-18.5
2018-07-28,支出,晚餐,,-95.0
2018-07-28,支出,午餐,,-73.0
2018-07-28,支出,宵夜,,-68.0
2018-07-28,支出,早餐,,-18.5
2018-07-29,支出,午餐,,-90.0
2018-07-29,支出,早餐,,-18.5
2018-07-30,支出,type107,LoL儲值,-500.0
2018-07-30,支出,午餐,,-95.0
2018-07-30,支出,晚餐,,-95.0
2018-07-30,支出,日常用品,垃圾袋,-24.0
2018-07-30,支出,早餐,,-14.0
2018-07-31,支出,午餐,,-100.0
2018-07-31,支出,晚餐,,-100.0
2018-07-31,支出,門票,羽球館,-50.0
2018-07-31,支出,早餐,,-47.0
2018-07-31,支出,飲料,水,-35.0
2018-07-31,支出,飲料,,-10.0
2018-08-01,支出,晚餐,,-297.0
2018-08-01,支出,午餐,,-65.0
2018-08-01,支出,飲料,紅茶椰果,-40.0
2018-08-01,支出,早餐,,-14.0
2018-08-01,收入,type200,研究生獎助學金 7月,16000.0
2018-08-02,支出,晚餐,,-90.0
2018-08-02,支出,早餐,,-18.5
2018-08-03,支出,type107,POE儲值,-156.0
2018-08-03,支出,晚餐,,-100.0
2018-08-03,支出,早餐,,-57.5
2018-08-04,支出,午餐,,-660.0
2018-08-04,支出,早餐,,-20.0
2018-08-05,支出,交通,高鐵票,-200.0
2018-08-05,支出,交通,電信悠遊卡,-200.0
2018-08-06,支出,早餐,,-59.0
2018-08-07,支出,晚餐,,-103.0
2018-08-07,支出,午餐,,-65.0
2018-08-07,支出,宵夜,,-59.0
2018-08-07,支出,早餐,,-14.0
2018-08-07,收入,type201,7-11回饋金,5.0
2018-08-08,支出,晚餐,,-100.0
2018-08-08,支出,午餐,,-95.0
2018-08-08,支出,飲料,飲冰室茶集,-25.0
2018-08-08,支出,飲料,水,-20.0
2018-08-08,支出,早餐,,-14.0
2018-08-09,支出,晚餐,,-100.0
2018-08-09,支出,午餐,,-75.0
2018-08-09,支出,早餐,,-18.5
2018-08-10,支出,type107,POE升級贊助包,-934.0
2018-08-10,支出,晚餐,,-750.0
2018-08-10,支出,午餐,,-70.0
2018-08-10,支出,飲料,樺達奶茶,-55.0
2018-08-10,支出,早餐,,-18.5
2018-08-11,支出,晚餐,,-115.0
2018-08-11,支出,午餐,,-65.0
2018-08-11,支出,早餐,,-18.5
2018-08-12,支出,午餐,,-65.0
2018-08-12,支出,早餐,,-18.5
2018-08-13,支出,午餐,,-100.0
2018-08-13,支出,早餐,,-18.5
2018-08-14,支出,晚餐,,-100.0
2018-08-14,支出,午餐,,-95.0
2018-08-14,支出,早餐,,-18.5
2018-08-15,支出,晚餐,,-95.0
2018-08-15,支出,飲料,水,-35.0
2018-08-16,支出,晚餐,,-100.0
2018-08-16,支出,午餐,,-85.0
2018-08-16,支出,早餐,,-63.5
2018-08-17,支出,交通,高鐵票,-190.0
2018-08-17,支出,午餐,,-130.0
2018-08-17,支出,早餐,,-18.5
2018-08-18,支出,日常用品,剪頭髮,-100.0
2018-08-20,支出,書,論文 x 5,-1055.0
2018-08-20,支出,晚餐,,-140.0
2018-08-20,支出,午餐,,-110.0
2018-08-20,支出,早餐,,-64.0
2018-08-20,支出,飲料,冬瓜檸檬露,-50.0
2018-08-20,收入,type201,統一發票,200.0
2018-08-21,支出,午餐,,-205.0
2018-08-21,支出,早餐,,-19.0
2018-08-28,支出,交通,電信悠遊卡,-500.0
2018-08-28,支出,午餐,,-245.0
2018-08-28,支出,晚餐,,-105.0
2018-08-29,支出,午餐,,-185.0
2018-08-29,支出,交通,豪泰,-110.0
2018-08-29,支出,交通,豪泰,-110.0
2018-08-29,支出,晚餐,,-100.0
2018-08-29,支出,宵夜,,-80.0
2018-08-29,支出,飲料,紅茶椰果,-50.0
2018-08-29,支出,早餐,,-20.0
2018-08-29,支出,飲料,水,-20.0
2018-08-29,支出,type119,成績單,-10.0
2018-08-30,支出,午餐,,-390.0
2018-08-30,支出,晚餐,,-100.0
2018-08-30,支出,飲料,鮮奶仙草凍飲,-60.0
2018-08-30,支出,飲料,水,-35.0
2018-08-30,收入,type204,羽球團退費,700.0
2018-08-31,支出,晚餐,,-120.0
2018-08-31,支出,午餐,,-52.0
2018-08-31,支出,宵夜,,-50.0
2018-09-01,支出,type107,POE點數,-623.0
2018-09-01,支出,晚餐,,-125.0
2018-09-01,支出,午餐,,-68.0
2018-09-01,支出,宵夜,,-25.0
2018-09-01,支出,早餐,,-14.0
2018-09-01,收入,type200,研究生獎助學金 8月,16000.0
2018-09-02,支出,晚餐,,-95.0
2018-09-02,支出,午餐,,-83.0
2018-09-02,支出,早餐,,-14.0
2018-09-03,支出,晚餐,,-560.0
2018-09-03,支出,午餐,,-450.0
2018-09-03,支出,早餐,,-49.0
2018-09-04,支出,午餐,,-438.0
2018-09-04,支出,飲料,摩卡可可顆粒 冰雪奇諾,-85.0
2018-09-04,支出,晚餐,,-35.0
2018-09-04,支出,早餐,,-18.5
2018-09-04,支出,飲料,水,-11.0
2018-09-05,支出,午餐,,-55.0
2018-09-05,支出,早餐,,-18.5
2018-09-06,支出,type119,兵役折抵證明,-20.0
2018-09-09,支出,type107,POE儲值,-625.0
2018-10-12,支出,書,新約 魔法禁書目錄 11,-78.0
2018-10-13,支出,type115,10月,-499.0
2018-10-13,支出,type107,巴哈姆特動畫瘋 1個月,-99.0
2018-10-27,支出,書,境界觸發者公式書,-208.0
2018-11-03,支出,type107,lol儲值,-500.0
2018-11-11,支出,書,魔法禁書目錄 舊約 全套,-2572.0
2018-11-17,支出,type107,lol儲值,-1000.0
2018-11-17,支出,type115,11月,-499.0
2018-11-24,支出,type107,巴哈姆特動畫瘋,-99.0
2018-12-02,支出,type107,POE儲值,-157.0
2018-12-08,支出,午餐,,-370.0
2018-12-08,支出,書,真確 factfulness,-340.0
2018-12-08,支出,書,讀者文摘,-158.0
2018-12-15,支出,晚餐,,-505.0
2018-12-15,支出,type115,12月,-499.0
2018-12-23,支出,type107,POE Empyrean 贊助包,-7488.0
2018-12-29,支出,type107,巴哈姆特動畫瘋,-99.0
2018-12-31,支出,午餐,,-417.0
2018-12-31,支出,飲料,水,-20.0
2019-01-03,支出,type119,富邦悠遊卡,-100.0
2019-01-03,支出,午餐,,-87.0
2019-01-03,支出,type119,體檢郵資,-28.0
2019-01-14,支出,type115,1月,-499.0
2019-01-20,支出,type107,Jacoo的歌,-16.0
2019-01-28,支出,type107,迷你地鐵,-7.0
2019-01-30,收入,type201,統一發票,200.0
2019-02-02,支出,type107,亞馬遜買歌,-31.0
2019-02-08,支出,午餐,,-52.0
2019-02-10,支出,午餐,,-704.0
2019-02-10,支出,交通,計程車,-175.0
2019-02-10,支出,交通,高鐵票,-160.0
2019-02-10,支出,交通,高鐵票,-160.0
2019-02-10,支出,晚餐,,-89.0
2019-02-10,支出,飲料,紅蓋茶,-85.0
2019-02-12,支出,交通,電信悠遊卡,-300.0
2019-02-12,支出,晚餐,,-200.0
2019-02-12,支出,交通,高鐵票,-190.0
2019-02-12,支出,交通,高鐵票,-190.0
2019-02-12,支出,type107,日本亞馬遜買歌,-142.0
2019-02-12,支出,午餐,,-50.0
2019-02-12,支出,零食,豆花,-45.0
2019-02-12,支出,零食,蛋捲冰淇淋,-18.0
2019-02-14,支出,飲料,芋頭鮮奶,-65.0
2019-02-14,收入,type201,統一發票,200.0
2019-02-15,支出,type115,中華電信2月,-499.0
2019-02-16,支出,零食,蛋捲冰淇淋,-18.0
2019-02-17,支出,飲料,水,-20.0
2019-02-17,支出,type111,一個月押金，實際12000,-1.0
2019-02-18,支出,日常用品,BenQ ScreenBar 智能螢幕掛燈,-2999.0
2019-02-18,支出,日常用品,IRK01 鍵盤,-699.0
2019-02-18,支出,type119,影印購買證明,-6.0
2019-02-22,支出,type119,鍵盤維修費,-200.0
2019-02-23,支出,type107,LOL儲值,-100.0
2019-02-24,支出,晚餐,,-487.0
2019-02-24,支出,交通,高鐵票,-155.0
2019-02-24,支出,交通,高鐵票,-155.0
2019-02-24,支出,飲料,可可醇奶,-60.0
2019-02-28,支出,type107,巴哈姆特動畫瘋,-99.0
2019-03-01,支出,type111,,-12000.0
2019-03-01,支出,type111,一個月押金，實際12000,-1.0
2019-03-02,支出,日常用品,垃圾桶,-280.0
2019-03-02,支出,日常用品,毛巾x3,-159.0
2019-03-02,支出,日常用品,3M無痕掛勾,-159.0
2019-03-02,支出,日常用品,公對公音源線,-149.0
2019-03-02,支出,日常用品,藍白拖,-79.0
2019-03-02,支出,晚餐,,-70.0
2019-03-02,支出,日常用品,曬衣桿,-50.0
2019-03-03,支出,午餐,,-149.0
2019-03-03,支出,晚餐,,-80.0
2019-03-03,支出,飲料,水,-20.0
2019-03-04,支出,午餐,,-65.0
2019-03-04,支出,晚餐,,-60.0
2019-03-04,支出,早餐,,-50.0
2019-03-04,支出,飲料,丹堤 巧克力,-9.0
2019-03-05,支出,晚餐,,-150.0
2019-03-05,支出,午餐,,-90.0
2019-03-05,支出,早餐,,-18.0
2019-03-05,支出,飲料,丹堤 巧克力,-9.0
2019-03-05,支出,飲料,丹堤 柳橙星空,-5.0
2019-03-06,支出,type107,Spectra DAC 銀色,-3690.0
2019-03-06,支出,type107,創建 USB hub,-599.0
2019-03-06,支出,晚餐,,-200.0
2019-03-06,支出,日常用品,椅腳套,-79.0
2019-03-06,支出,日常用品,雨傘,-70.0
2019-03-06,支出,type107,綠聯 OTG傳輸線,-61.0
2019-03-06,支出,午餐,,-50.0
2019-03-06,支出,早餐,,-18.0
2019-03-06,支出,飲料,丹堤 巧克力,-9.0
2019-03-06,支出,飲料,丹堤 柳橙星空,-5.0
2019-03-07,支出,午餐,,-164.0
2019-03-07,支出,晚餐,,-80.0
2019-03-07,支出,早餐,,-18.0
2019-03-07,支出,飲料,丹堤 熱帶水果茶,-13.0
2019-03-07,支出,飲料,丹堤 巧克力,-9.0
2019-03-08,支出,交通,高鐵票,-190.0
2019-03-08,支出,午餐,,-130.0
2019-03-08,支出,早餐,,-18.0
2019-03-08,支出,飲料,丹堤 熱帶水果茶,-13.0
2019-03-08,支出,點心,丹堤 濃情巧克力蛋糕,-1.0
2019-03-09,支出,點心,蛋捲冰淇淋,-18.0
2019-03-11,支出,午餐,,-130.0
2019-03-11,支出,早餐,,-18.0
2019-03-11,支出,晚餐,,-16.0
2019-03-12,支出,午餐,,-105.0
2019-03-12,支出,晚餐,,-84.0
2019-03-12,支出,早餐,,-18.0
2019-03-12,支出,飲料,丹堤 熱帶水果茶,-13.0
2019-03-13,支出,日常用品,雷達電蚊香,-178.0
2019-03-13,支出,午餐,,-80.0
2019-03-13,支出,晚餐,,-60.0
2019-03-13,支出,早餐,,-33.0
2019-03-13,支出,飲料,丹堤 熱帶水果茶,-13.0
2019-03-14,支出,type115,中華電信3月,-499.0
2019-03-14,支出,晚餐,,-49.0
2019-03-15,支出,午餐,,-105.0
2019-03-15,支出,晚餐,,-60.0
2019-03-15,支出,早餐,,-18.0
2019-03-15,支出,飲料,丹堤 熱帶水果茶,-13.0
2019-03-16,支出,晚餐,,-80.0
2019-03-16,支出,午餐,,-75.0
2019-03-17,支出,午餐,,-246.0
2019-03-17,支出,晚餐,,-70.0
2019-03-17,支出,飲料,紅龍奶茶,-55.0
2019-03-17,支出,早餐,,-45.0
2019-03-18,支出,晚餐,,-68.0
2019-03-18,支出,午餐,,-60.0
2019-03-18,支出,點心,冰淇淋,-35.0
2019-03-18,支出,早餐,,-20.0
2019-03-18,支出,飲料,丹堤 熱帶水果茶,-13.0
2019-03-19,支出,午餐,,-127.0
2019-03-19,支出,晚餐,,-60.0
2019-03-19,支出,早餐,,-18.0
2019-03-19,支出,點心,丹堤 耶加雪霏蛋糕,-5.0
2019-03-20,支出,交通,香草航空 東京成田到桃園,-3227.0
2019-03-20,支出,交通,香草航空 桃園到東京成田,-3018.0
2019-03-20,支出,午餐,,-220.0
2019-03-20,支出,晚餐,,-60.0
2019-03-20,支出,飲料,丹堤 熱帶水果茶,-13.0
2019-03-20,支出,早餐,,-10.0
2019-03-21,支出,午餐,,-130.0
2019-03-21,支出,晚餐,,-68.0
2019-03-21,支出,飲料,丹堤 香草巧克力冰沙,-37.0
2019-03-21,支出,早餐,,-23.0
2019-03-22,支出,交通,高鐵票,-190.0
2019-03-22,支出,點心,丹堤 蛋糕套餐,-45.0
2019-03-22,支出,早餐,,-18.0
2019-03-23,支出,日常用品,剪頭髮,-100.0
2019-03-23,支出,點心,冰炫風,-55.0
2019-03-23,支出,type119,甜心卡,-39.0
2019-03-24,支出,晚餐,,-550.0
2019-03-24,支出,交通,高鐵票,-160.0
2019-03-24,支出,點心,,-12.0
2019-03-25,支出,午餐,,-80.0
2019-03-25,支出,晚餐,,-76.0
2019-03-25,支出,早餐,,-23.0
2019-03-25,支出,飲料,丹堤 熱帶水果茶,-13.0
2019-03-26,支出,晚餐,,-88.0
2019-03-26,支出,午餐,,-75.0
2019-03-26,支出,飲料,摩卡碎片冰沙,-21.0
2019-03-26,支出,早餐,,-18.0
2019-03-27,支出,午餐,,-140.0
2019-03-27,支出,晚餐,,-60.0
2019-03-27,支出,早餐,,-18.0
2019-03-27,支出,飲料,柚香桔茶,-17.0
2019-03-28,支出,日常用品,打鑰匙,-380.0
2019-03-28,支出,晚餐,,-190.0
2019-03-28,支出,早餐,,-28.0
2019-03-28,支出,飲料,丹堤 熱帶水果茶,-13.0
2019-03-28,支出,點心,丹堤 耶加雪霏蛋糕,-5.0
2019-03-29,支出,晚餐,,-245.0
2019-03-29,支出,交通,電信悠遊卡,-200.0
2019-03-29,支出,點心,星冰樂 巧克力可可碎片,-160.0
2019-03-29,支出,早餐,,-25.0
2019-03-30,支出,午餐,,-115.0
2019-03-30,支出,晚餐,,-80.0
2019-03-31,支出,午餐,,-120.0
2019-03-31,支出,晚餐,,-95.0
2019-03-31,支出,飲料,一芳 冬瓜檸檬露,-55.0
2019-04-01,支出,type111,4月,-12000.0
2019-04-01,支出,午餐,,-160.0
2019-04-01,支出,晚餐,,-68.0
2019-04-01,支出,早餐,,-18.0
2019-04-01,支出,飲料,丹堤 熱帶水果茶,-13.0
2019-04-02,支出,type114,健保保費和手續費,-1502.0
2019-04-02,支出,type109,Uniqlo 灰色外套,-790.0
2019-04-02,支出,午餐,,-60.0
2019-04-02,支出,晚餐,,-60.0
2019-04-02,支出,飲料,丹堤 香草巧克力冰沙,-37.0
2019-04-02,支出,早餐,,-18.0
2019-04-03,支出,午餐,,-95.0
2019-04-03,支出,晚餐,,-49.0
2019-04-03,支出,早餐,,-20.0
2019-04-03,支出,飲料,丹堤 熱帶水果茶,-13.0
2019-04-04,支出,晚餐,,-180.0
2019-04-04,支出,午餐,,-115.0
2019-04-04,支出,宵夜,,-25.0
2019-04-05,支出,交通,高鐵票,-190.0
2019-04-05,支出,午餐,,-120.0
2019-04-05,支出,type107,巴哈姆特動畫瘋,-99.0
2019-04-05,收入,type200,,37571.0
2019-04-08,支出,午餐,,-90.0
2019-04-08,支出,晚餐,,-68.0
2019-04-08,支出,飲料,丹堤 熱帶水果茶,-13.0
2019-04-09,支出,午餐,,-95.0
2019-04-09,支出,晚餐,,-60.0
2019-04-09,支出,飲料,丹堤 香草巧克力冰沙,-37.0
2019-04-09,支出,早餐,,-18.0
2019-04-10,支出,午餐,,-85.0
2019-04-10,支出,早餐,,-20.0
2019-04-10,支出,飲料,丹堤 熱帶水果茶,-13.0
2019-04-11,支出,晚餐,,-800.0
2019-04-11,支出,午餐,,-92.0
2019-04-11,支出,早餐,,-18.0
2019-04-11,支出,飲料,丹堤 經典伯爵奶茶,-13.0
2019-04-11,支出,飲料,丹堤 熱帶水果茶,-13.0
2019-04-12,支出,交通,高鐵票,-190.0
2019-04-12,支出,午餐,,-105.0
2019-04-12,支出,飲料,星巴克 巧克力可可碎片星冰樂,-80.0
2019-04-12,支出,飲料,丹堤 摩卡碎片冰沙 和 咖啡包x1,-5.0
2019-04-13,支出,type107,catchplay一個月會員,-199.0
2019-04-13,支出,type107,公視 我們與惡的距離,-130.0
2019-04-13,支出,飲料,清心福全 水晶奶茶,-50.0
2019-04-14,支出,type115,,-499.0
2019-04-14,支出,交通,高鐵票,-200.0
2019-04-14,支出,交通,電信悠遊卡,-100.0
2019-04-15,支出,午餐,,-130.0
2019-04-15,支出,飲料,星巴克 巧克力碎片星冰樂,-90.0
2019-04-15,支出,早餐,,-26.0
2019-04-16,支出,飲料,星巴克 摩卡可可碎片星冰樂,-90.0
2019-04-16,支出,午餐,,-70.0
2019-04-16,支出,早餐,,-20.0
2019-04-16,支出,晚餐,,-8.0
2019-04-17,支出,午餐,,-150.0
2019-04-17,支出,飲料,星巴克 摩卡可可碎片星冰樂,-95.0
2019-04-17,支出,早餐,,-18.0
2019-04-17,支出,晚餐,,-8.0
2019-04-18,支出,午餐,,-95.0
2019-04-18,支出,飲料,星巴克 抹茶奶霜星冰樂,-90.0
2019-04-18,支出,晚餐,,-43.0
2019-04-18,支出,早餐,,-23.0
2019-04-18,收入,type201,統一發票,200.0
2019-04-19,支出,交通,高鐵票,-190.0
2019-04-19,支出,午餐,,-140.0
2019-04-19,支出,飲料,星巴克 摩卡可可碎片星冰樂,-90.0
2019-04-19,支出,早餐,,-20.0
2019-04-20,支出,點心,冰炫風,-55.0
2019-04-21,支出,交通,高鐵票,-200.0
2019-04-22,支出,午餐,,-85.0
2019-04-22,支出,晚餐,,-68.0
2019-04-22,支出,早餐,,-18.0
2019-04-22,支出,飲料,丹堤 熱帶水果茶,-13.0
2019-04-23,支出,午餐,,-199.0
2019-04-23,支出,晚餐,,-60.0
2019-04-23,支出,早餐,,-20.0
2019-04-23,支出,飲料,丹堤 熱帶水果茶,-13.0
2019-04-24,支出,午餐,,-90.0
2019-04-24,支出,日常用品,金頂4號電池x2,-89.0
2019-04-24,支出,飲料,星巴克 焦糖可可碎片星冰樂,-85.0
2019-04-24,支出,早餐,,-20.0
2019-04-24,支出,晚餐,,-8.0
2019-04-25,支出,飲料,星巴克 抹茶奶霜星冰樂,-90.0
2019-04-25,支出,午餐,,-70.0
2019-04-25,支出,早餐,,-18.0
2019-04-25,支出,晚餐,,-8.0
2019-04-26,支出,零食,一堆糖果,-253.0
2019-04-26,支出,午餐,,-80.0
2019-04-26,支出,飲料,星巴克 巧克力可可碎片星冰樂,-80.0
2019-04-26,支出,早餐,,-18.0
2019-04-26,支出,早餐,,-18.0
2019-04-26,支出,晚餐,,-8.0
2019-04-27,支出,交通,計程車,-380.0
2019-04-27,支出,晚餐,,-260.0
2019-04-27,收入,type201,7-11購物金,5.0
2019-04-28,支出,type107,KTV唱歌,-430.0
2019-04-28,支出,飲料,迷克夏 大正紅茶拿鐵,-55.0
2019-04-28,支出,午餐,,-20.0
2019-04-29,支出,午餐,,-130.0
2019-04-29,支出,早餐,,-55.0
2019-04-29,支出,晚餐,,-8.0
2019-04-30,支出,type112,集資送花,-200.0
2019-04-30,支出,午餐,,-160.0
2019-04-30,支出,晚餐,,-49.0
2019-04-30,支出,宵夜,,-25.0
2019-04-30,支出,早餐,,-23.0
2019-04-30,支出,飲料,丹堤 熱帶水果茶,-13.0
2019-05-01,支出,type111,5月,-12000.0
2019-05-01,支出,午餐,,-120.0
2019-05-01,支出,晚餐,,-105.0
2019-05-02,支出,午餐,,-140.0
2019-05-02,支出,晚餐,,-60.0
2019-05-02,支出,早餐,,-18.0
2019-05-02,支出,飲料,丹堤 熱帶水果茶,-13.0
2019-05-03,支出,晚餐,,-190.0
2019-05-03,支出,飲料,星巴克 巧克力可可碎片星冰樂,-160.0
2019-05-03,支出,午餐,,-105.0
2019-05-03,支出,交通,電信悠遊卡,-97.0
2019-05-03,支出,飲料,星巴克 抹茶奶霜星冰樂,-90.0
2019-05-03,支出,早餐,,-18.0
2019-05-03,支出,點心,丹堤 咖啡巧克力慕斯蛋糕餐,-1.0
2019-05-04,支出,晚餐,,-190.0
2019-05-04,支出,午餐,,-110.0
2019-05-04,支出,零食,不二家棒棒糖,-89.0
2019-05-05,支出,午餐,,-120.0
2019-05-05,支出,晚餐,,-95.0
2019-05-05,收入,type200,,42724.0
2019-05-06,支出,午餐,,-190.0
2019-05-06,支出,晚餐,,-60.0
2019-05-06,支出,早餐,,-18.0
2019-05-06,支出,飲料,丹堤 熱帶水果茶,-13.0
2019-05-07,支出,午餐,,-150.0
2019-05-07,支出,飲料,星巴克 抹茶奶霜星冰樂,-90.0
2019-05-07,支出,早餐,,-20.0
2019-05-07,支出,晚餐,,-18.0
2019-05-07,支出,晚餐,,-18.0
2019-05-08,支出,午餐,,-130.0
2019-05-08,支出,晚餐,,-60.0
2019-05-08,支出,早餐,,-20.0
2019-05-08,支出,飲料,丹堤 熱帶水果茶,-13.0
2019-05-09,支出,午餐,,-105.0
2019-05-09,支出,早餐,,-18.0
2019-05-09,支出,晚餐,,-18.0
2019-05-09,收入,type201,活動抽獎,61.0
2019-05-10,支出,交通,高鐵票,-190.0
2019-05-10,支出,日常用品,剪頭髮,-100.0
2019-05-10,支出,午餐,,-80.0
2019-05-10,支出,早餐,,-23.0
2019-05-10,支出,點心,丹堤 法式紫羅蘭蛋糕餐,-5.0
2019-05-11,支出,點心,薯條,-40.0
2019-05-12,支出,交通,高鐵票,-200.0
2019-05-13,支出,午餐,,-85.0
2019-05-13,支出,飲料,星巴克 巧克力可可碎片星冰樂,-70.0
2019-05-13,支出,晚餐,,-31.0
2019-05-13,支出,早餐,,-18.0
2019-05-14,支出,午餐,,-165.0
2019-05-14,支出,晚餐,,-49.0
2019-05-14,支出,早餐,,-23.0
2019-05-14,支出,飲料,水,-20.0
2019-05-14,支出,飲料,丹堤 熱帶水果茶,-13.0
2019-05-15,支出,type115,5月,-499.0
2019-05-15,支出,晚餐,,-284.0
2019-05-15,支出,交通,電信悠遊卡,-200.0
2019-05-15,支出,飲料,薑汁汽水,-110.0
2019-05-15,支出,午餐,,-30.0
2019-05-16,支出,午餐,,-100.0
2019-05-16,支出,飲料,星巴克 濃焦糖咖啡星冰樂,-90.0
2019-05-16,支出,日常用品,尖嘴鉗,-90.0
2019-05-16,支出,日常用品,魔術靈 水管疏通,-89.0
2019-05-16,支出,日常用品,橡膠手套,-72.0
2019-05-16,支出,晚餐,,-18.0
2019-05-17,支出,午餐,,-95.0
2019-05-17,支出,飲料,星巴克 抹茶奶霜星冰樂,-90.0
2019-05-17,支出,晚餐,,-43.0
2019-05-17,支出,早餐,,-18.0
2019-05-18,支出,晚餐,,-186.0
2019-05-18,支出,午餐,,-120.0
2019-05-19,支出,晚餐,,-195.0
2019-05-19,支出,午餐,,-95.0
2019-05-19,支出,零食,不二家棒棒糖,-89.0
2019-05-19,支出,零食,立夢綜合棒棒糖,-46.0
2019-05-19,支出,點心,哈根達斯 100ml,-5.0
2019-05-20,支出,午餐,,-170.0
2019-05-20,支出,飲料,星巴克 巧克力可可碎片星冰樂,-70.0
2019-05-20,支出,晚餐,,-31.0
2019-05-21,支出,飲料,星巴克 抹茶奶霜星冰樂,-90.0
2019-05-21,支出,午餐,,-85.0
2019-05-21,支出,飲料,水,-20.0
2019-05-21,支出,早餐,,-18.0
2019-05-21,支出,晚餐,,-18.0
